Country/Region,unit,1990,1991,1992,1993,1994,1995,1996,1997,1998,1999,2000,2001,2002,2003,2004,2005,2006,2007,2008,2009,2010,2011,2012,2013,2014,2015,2016,2017,2018
China,tCO2e/ million $ GDP,7963.54,7886.26,7389.13,7595.13,6253.15,5334.30,4578.60,4121.88,3987.44,3705.09,3508.24,3329.78,3243.02,3244.55,3138.03,3002.14,2742.44,2299.90,1840.46,1773.17,1621.84,1372.55,1252.90,1164.50,1064.92,1007.96,997.72,926.72,842.46
United States,tCO2e/ million $ GDP,929.62,893.44,856.37,829.80,793.47,764.93,744.52,729.63,694.46,653.25,628.76,605.38,571.21,550.36,522.96,491.01,456.53,442.69,422.78,400.98,402.98,372.96,342.71,339.04,325.84,306.55,303.34,287.59,281.55
India,tCO2e/ million $ GDP,3144.89,3941.01,3805.27,4040.30,3589.57,3442.96,3282.37,3241.62,3280.53,3182.60,3198.58,3599.79,3436.90,2990.65,2686.51,2410.78,2205.42,1824.24,1933.00,1839.03,1537.89,1431.84,1509.34,1516.92,1465.50,1427.17,1339.22,1207.36,1233.48
Russia,tCO2e/ million $ GDP,5582.50,5383.97,5544.18,5273.98,5091.34,4881.66,4822.73,4335.55,6422.58,9048.56,7050.52,4747.00,4275.83,3617.14,2709.96,2104.79,1699.23,1300.41,1039.98,1288.64,1108.87,911.50,854.24,804.58,894.14,1313.70,1502.41,1231.90,1193.16
Indonesia,tCO2e/ million $ GDP,11843.63,10927.86,10115.17,8298.78,7506.68,6732.64,5185.38,9932.00,14391.04,9011.05,7222.24,6353.20,7671.32,4973.73,5906.56,4347.10,4540.22,2545.58,2132.27,2749.56,1490.21,1876.57,1846.96,1793.02,2263.41,2404.87,1559.47,1443.51,1634.81
Brazil,tCO2e/ million $ GDP,3555.11,2769.41,4192.47,3859.53,3056.79,2243.69,2040.99,1999.91,2084.71,3020.60,2757.05,3399.84,3810.05,3489.70,2981.94,2247.97,1800.72,1452.66,1197.55,1205.06,952.80,485.66,532.04,539.88,558.96,751.46,804.13,708.46,753.43
Japan,tCO2e/ million $ GDP,354.11,313.54,290.92,253.61,241.85,220.56,251.56,272.68,286.83,259.16,245.23,268.15,288.12,268.44,246.16,249.45,257.00,265.81,224.96,205.22,198.27,200.62,205.94,250.01,257.98,276.87,248.99,247.25,233.05
Iran,tCO2e/ million $ GDP,1927.21,false,false,4708.54,4630.66,3628.79,3024.32,3349.58,3533.59,3755.28,4072.90,3461.98,3606.75,3212.25,2789.68,2512.66,2317.39,1873.52,1622.60,1665.01,1436.57,1292.61,1270.82,1698.82,1835.49,2043.13,1904.44,1829.57,1824.55
Germany,tCO2e/ million $ GDP,626.12,577.70,484.15,494.52,458.67,388.58,413.62,449.79,432.60,425.74,475.89,500.59,461.54,382.06,332.40,319.56,306.09,259.21,238.46,244.95,254.09,219.89,237.42,228.97,209.69,243.79,236.68,218.10,195.93
Canada,tCO2e/ million $ GDP,1054.61,1019.61,1077.37,1102.35,1136.10,1113.40,1108.73,1086.93,1149.23,1070.50,996.49,1306.90,1294.33,1121.13,972.62,860.85,754.62,698.94,645.24,701.93,604.81,461.38,453.91,455.40,470.26,542.80,478.40,452.00,444.83
Mexico,tCO2e/ million $ GDP,1597.88,1390.58,1206.96,914.66,916.24,1290.28,1193.65,1036.32,1053.05,888.02,790.30,611.95,607.46,675.54,635.43,594.57,557.62,537.00,536.75,644.53,552.31,576.67,561.29,524.82,501.75,584.53,647.77,599.34,568.79
Democratic Republic of the Congo,tCO2e/ million $ GDP,46511.26,45064.12,52769.89,40586.52,74713.26,77053.90,74571.22,71686.18,70558.07,91440.59,22389.82,56303.45,49384.55,48974.39,42829.67,36892.73,30720.81,26118.61,22310.60,23676.44,20596.98,26260.70,23129.16,20872.78,19010.74,18074.62,18452.29,18047.97,14555.80
South Korea,tCO2e/ million $ GDP,861.95,815.33,827.36,827.69,760.57,679.49,676.74,770.11,975.54,827.76,814.64,855.33,735.37,667.61,621.85,522.69,471.84,431.30,496.33,565.17,512.47,495.00,488.75,455.61,413.53,433.45,434.05,409.23,390.22
Saudi Arabia,tCO2e/ million $ GDP,1620.66,1609.66,1659.69,1774.72,1850.14,1779.46,1699.91,1527.87,1852.49,1723.17,1538.36,1617.86,1678.50,1536.28,1352.43,1115.77,1033.45,991.88,865.94,1097.13,974.16,795.86,771.90,784.59,832.14,1009.33,1029.82,952.79,811.32
Australia,tCO2e/ million $ GDP,1796.15,1715.67,1724.60,1797.42,1747.46,1555.46,1426.44,1339.90,1524.40,1656.17,1594.25,1759.40,1674.28,1251.16,1037.57,863.04,867.10,757.78,585.47,683.12,524.49,461.63,415.95,352.28,385.84,419.08,477.58,468.77,432.18
South Africa,tCO2e/ million $ GDP,2765.12,2545.21,2322.08,2388.97,2338.51,2169.89,2356.75,2368.25,2677.63,2545.93,2574.38,3165.20,3466.14,2406.95,1965.64,1744.37,1664.00,1577.63,1757.84,1633.68,1348.81,1178.27,1285.65,1416.02,1514.73,1597.75,1714.96,1491.50,1413.30
Turkey,tCO2e/ million $ GDP,1256.16,1278.01,1257.25,1141.88,1537.37,1271.49,1285.36,1276.84,882.67,949.70,975.14,1086.88,955.49,767.49,605.89,514.05,519.95,469.08,412.98,495.30,426.49,402.06,399.01,357.66,391.35,432.92,496.93,551.85,608.79
United Kingdom,tCO2e/ million $ GDP,682.78,666.47,626.89,680.81,624.07,523.68,510.60,449.67,422.64,398.98,406.48,417.40,373.68,328.53,277.14,261.52,243.58,208.17,214.04,236.73,235.78,203.43,207.94,195.16,164.12,166.22,172.32,168.87,154.20
Pakistan,tCO2e/ million $ GDP,4161.44,3670.22,3613.70,3599.14,3693.36,3357.85,3326.68,3484.71,3559.54,3714.88,2878.13,2998.06,3062.54,2752.19,2500.79,2313.72,2164.90,2060.16,1863.27,1946.29,1814.88,1538.61,1481.52,1482.90,1458.89,1372.13,1422.54,1384.26,1393.10
Thailand,tCO2e/ million $ GDP,2039.06,1893.68,1775.85,1660.54,1560.08,1464.54,1466.75,1835.59,2264.32,2109.32,2124.13,1942.74,1831.32,1701.78,1630.26,1520.23,1313.36,1165.87,1063.95,1099.05,965.80,980.68,971.01,944.93,966.93,985.97,993.93,940.06,851.35
Argentina,tCO2e/ million $ GDP,2040.11,1546.29,1301.44,1268.34,1186.10,1185.64,1175.12,1100.65,1090.99,1171.84,1165.17,1386.12,3779.05,3064.88,2468.41,2067.66,1829.30,1526.18,1225.19,1273.58,1014.59,774.55,759.80,769.35,801.33,720.26,710.76,617.90,764.06
Malaysia,tCO2e/ million $ GDP,4704.41,4368.26,3741.97,3360.37,3110.93,2695.60,2452.70,2578.43,4002.25,3376.39,2973.36,2912.60,2864.72,2705.90,2587.24,2343.70,2042.51,1844.65,1595.92,1813.12,1486.76,522.23,495.85,539.28,607.97,636.76,1256.62,1143.80,1081.94
Italy,tCO2e/ million $ GDP,386.67,364.58,341.71,417.68,399.85,395.44,351.07,374.06,374.66,385.83,426.63,416.41,388.94,325.74,290.52,282.72,263.23,228.96,204.74,201.83,211.22,191.94,202.23,182.26,171.63,207.79,212.52,200.33,184.93
Vietnam,tCO2e/ million $ GDP,180.60,419.36,663.20,1003.62,1157.51,1206.97,1332.88,1514.20,1905.06,1920.11,2024.50,4831.45,4988.31,4557.49,4366.75,3602.87,3212.52,2936.07,2400.81,2448.94,2395.72,1739.89,1516.98,1452.97,1405.86,1579.98,1608.61,1467.21,1486.18
France,tCO2e/ million $ GDP,376.56,396.06,348.19,354.68,332.46,294.91,305.74,331.06,330.66,325.99,355.05,324.81,294.11,241.44,208.90,201.55,186.46,160.00,143.53,148.91,153.00,137.14,147.28,140.93,127.29,151.36,148.93,142.75,129.62
Nigeria,tCO2e/ million $ GDP,4624.18,5294.61,5695.79,9805.34,8003.50,6022.55,5406.52,4899.62,4737.31,4206.39,3557.64,3355.95,2651.72,2483.92,1937.29,1596.45,1169.39,994.68,822.18,886.90,777.81,738.91,666.60,625.35,599.57,663.99,817.11,897.95,900.13
Poland,tCO2e/ million $ GDP,6504.61,4970.03,4390.08,4306.70,3690.81,2870.40,2640.85,2590.44,2192.21,2189.24,2083.35,1575.08,1471.22,1399.04,1211.31,1014.68,941.52,756.27,596.27,687.52,667.53,682.71,709.50,668.59,618.01,709.79,728.51,678.36,607.31
Egypt,tCO2e/ million $ GDP,3011.45,3612.79,3349.03,3058.35,2661.64,2445.31,2284.89,2090.22,2013.10,1979.98,1812.00,2001.63,2330.22,2524.70,2740.57,2610.44,2276.17,1990.27,1650.48,1452.79,1261.62,1203.88,1056.52,1012.87,975.77,932.88,950.42,1359.79,1319.12
Spain,tCO2e/ million $ GDP,433.57,413.77,394.10,445.37,465.16,424.17,395.52,467.25,460.64,488.41,548.52,555.80,518.00,413.59,366.10,351.53,317.06,282.27,235.24,232.57,232.50,230.58,252.64,227.80,224.26,265.80,245.09,242.55,220.13
Venezuela,tCO2e/ million $ GDP,6700.56,6122.61,5486.99,5623.23,5828.84,4508.92,5152.21,4315.37,4057.91,3726.09,3199.73,2590.90,3498.60,3810.32,2854.84,2308.41,1789.28,1444.75,1090.85,1047.29,886.29,1162.86,1016.71,1058.63,817.22,false,false,false,false
Kazakhstan,tCO2e/ million $ GDP,11445.08,12791.95,12811.74,11853.43,11882.23,10838.58,9164.51,7442.53,7420.76,8779.74,8055.55,6639.36,6662.58,5686.02,4457.62,3584.92,2791.75,2233.79,2102.95,2165.57,1862.80,1475.79,1366.76,1257.53,1121.11,1353.03,1977.99,1682.15,1512.39
Colombia,tCO2e/ million $ GDP,4537.33,4450.39,3808.90,3409.19,2798.15,2504.58,2390.15,2224.46,2427.76,2653.68,2333.33,2267.61,2263.21,2366.19,1933.08,1568.15,1421.01,1142.28,976.26,1034.92,854.79,667.27,598.35,598.37,608.79,796.57,934.18,835.61,803.29
United Arab Emirates,tCO2e/ million $ GDP,1374.92,1479.14,1379.52,1397.88,1422.58,1380.83,1306.06,1317.37,1432.34,1334.47,1086.32,1232.87,1198.32,1120.37,1001.36,867.61,733.63,675.70,633.62,797.00,719.77,612.08,604.84,609.14,595.38,706.03,727.21,699.73,623.47
Ukraine,tCO2e/ million $ GDP,10725.85,10689.93,9952.60,9853.26,10495.80,10806.23,10306.24,8670.18,9716.44,12769.59,12315.80,10754.35,9705.36,8815.80,6270.97,4505.27,3651.13,2814.30,2153.39,2795.30,2539.23,2310.26,2075.57,1930.63,2381.84,2912.00,2977.51,2245.85,2004.78
Philippines,tCO2e/ million $ GDP,2216.36,2163.71,1895.34,1948.21,1774.06,1698.27,1627.40,1742.00,1901.50,1721.84,1730.79,1828.14,1731.67,1713.28,1609.25,1435.45,1153.27,979.45,861.67,896.86,785.86,707.67,652.50,642.06,639.09,650.09,665.49,695.17,677.03
Uzbekistan,tCO2e/ million $ GDP,14814.58,14670.50,14708.18,16966.76,15480.96,14302.13,13862.35,12739.34,13264.45,12042.58,16382.57,19201.14,22991.59,21483.24,18304.35,15184.74,13854.80,10671.66,8378.35,6570.54,4858.26,4232.93,3571.53,3330.98,2908.51,2684.65,2782.37,3913.96,4606.65
Myanmar,tCO2e/ million $ GDP,false,false,false,false,false,false,false,false,false,false,24949.64,31118.00,29557.74,20267.73,21307.87,18066.63,15248.64,11408.75,6821.83,6163.93,4691.89,3379.58,3524.70,3549.80,3384.33,3358.57,3293.59,3335.63,3040.88
Bangladesh,tCO2e/ million $ GDP,3641.31,3722.54,3694.27,3568.35,3577.14,3317.37,2721.66,2666.93,2570.00,2581.75,2520.99,2587.69,2613.74,2404.77,2246.16,2173.18,2177.97,1997.98,1826.46,1669.19,1548.41,1428.49,1404.73,1272.41,1131.50,1048.39,927.05,857.70,805.55
Algeria,tCO2e/ million $ GDP,1541.89,2067.94,1961.57,2036.14,2337.66,2482.05,2236.69,2264.20,2374.54,2475.36,2324.42,2234.26,2282.69,1994.66,1631.29,1401.88,1283.30,1167.48,939.54,1242.57,1064.98,895.91,906.04,922.10,951.72,1271.09,1312.73,1247.83,1249.14
Iraq,tCO2e/ million $ GDP,437.24,false,false,false,false,false,false,false,false,false,false,false,false,false,2482.55,2103.74,1555.42,1074.70,797.53,1148.54,1020.90,828.58,806.58,796.85,825.78,1047.08,1130.92,1029.74,964.15
Ethiopia,tCO2e/ million $ GDP,7728.44,7120.28,9377.93,10631.62,13897.41,12844.98,11951.44,12466.82,14546.17,14998.57,13675.17,14480.38,16423.84,14796.87,12828.16,10780.41,9094.76,7583.73,5695.17,4890.31,5473.81,5196.62,4009.89,3781.25,3384.36,2997.04,2690.89,2486.88,2428.78
Peru,tCO2e/ million $ GDP,3932.07,2988.09,2877.14,3004.40,2387.94,2099.97,2091.07,2009.44,2109.98,2419.81,2359.46,2408.69,2325.04,2167.50,1971.74,1751.05,1498.17,1339.00,1173.57,1204.99,1015.22,1030.75,920.93,888.81,907.43,968.64,979.46,880.89,838.50
Netherlands,tCO2e/ million $ GDP,645.35,643.64,579.06,610.07,568.23,488.22,514.44,534.89,509.31,471.29,500.80,485.50,442.84,360.72,320.07,298.79,272.77,235.89,208.53,221.68,240.08,210.44,224.65,214.45,202.86,247.89,241.88,222.95,196.92
Tanzania,tCO2e/ million $ GDP,24126.31,20780.42,22384.43,24191.45,23055.54,20550.99,15547.56,13144.45,8557.14,8240.00,7627.34,7911.94,8031.46,8049.69,7344.96,7009.68,6663.33,5818.16,4665.33,4574.46,4269.59,4063.83,3736.43,3336.60,3120.52,3475.29,3552.27,3291.29,3026.97
Sudan,tCO2e/ million $ GDP,5901.92,6514.07,11055.00,8973.16,6579.17,6173.56,9951.98,8342.70,9257.96,10091.41,8734.29,7208.38,6776.89,5851.44,4928.57,4174.31,3064.67,2510.85,2134.36,2369.12,2005.18,2034.47,2290.15,2098.65,1884.06,1695.86,2511.26,2885.58,3943.32
Bolivia,tCO2e/ million $ GDP,21567.96,19795.96,19064.92,19071.65,18631.88,16532.92,15102.44,14224.71,13386.37,14389.91,13076.92,10967.78,12044.05,11480.74,11958.95,10550.48,8955.33,8179.81,6142.42,5847.41,6242.94,4649.52,4127.74,3648.97,3406.21,3500.32,3722.90,3341.04,3132.70
Turkmenistan,tCO2e/ million $ GDP,24826.22,21805.55,17557.51,16728.18,22429.28,23920.83,23926.58,23543.94,22992.48,27283.04,24029.26,20607.13,17306.34,14116.14,12993.64,11023.84,8733.71,7443.96,4898.54,4260.65,4069.41,3477.55,3097.93,2915.27,2751.75,3523.68,3481.04,3312.17,3068.67
Angola,tCO2e/ million $ GDP,5804.66,6209.63,7964.87,11607.08,15119.00,12902.94,9742.91,9379.82,12238.26,12619.25,8027.51,10685.80,6579.45,6244.73,4879.35,3114.27,2195.31,1867.06,1393.57,1825.44,1591.35,1194.59,1040.25,990.49,936.77,1197.01,1373.11,1124.41,1229.29
Cameroon,tCO2e/ million $ GDP,6449.80,5759.75,6280.06,4887.07,12469.58,13710.53,12602.54,12310.81,12930.85,12182.50,13667.01,11892.84,10657.04,8669.78,7111.82,7065.50,6462.87,5648.28,4789.05,4863.82,4885.88,4059.61,4081.15,3711.81,3442.81,3927.38,3763.19,3508.67,3187.21
Zimbabwe,tCO2e/ million $ GDP,4915.81,5031.74,6559.70,6208.62,5876.10,5673.62,4941.63,4858.39,6678.36,6570.49,6313.03,6364.84,6332.40,6545.50,6439.78,6578.77,6747.63,7040.70,8004.62,3752.89,3263.73,2980.92,2475.24,2221.75,2094.66,2148.48,5670.45,5267.13,4885.27
Czech Republic,tCO2e/ million $ GDP,4245.18,5230.24,4359.28,3597.11,2919.83,2322.41,2096.82,2232.12,1978.18,1903.37,2178.34,2019.08,1597.29,1355.09,1136.58,970.59,858.09,720.70,557.41,599.55,609.61,558.19,597.25,564.29,557.56,631.02,602.62,541.11,470.16
Kuwait,tCO2e/ million $ GDP,1739.46,3518.77,1325.84,1377.03,1521.48,1405.55,1200.02,1294.14,1754.32,1651.84,1420.67,1647.57,1584.36,1315.98,1129.69,931.11,770.50,679.61,561.14,806.47,772.97,607.41,559.85,577.36,616.80,927.08,1003.81,923.39,803.20
Mozambique,tCO2e/ million $ GDP,false,23357.42,32916.48,31987.10,31207.34,30182.00,18565.78,14913.87,13688.31,11855.86,12105.92,16003.28,15233.49,14500.40,11844.49,11132.51,10231.25,9185.56,8037.71,8030.15,9398.44,6519.11,5980.54,5854.44,5632.39,6200.15,9028.71,8048.45,7414.05
Belgium,tCO2e/ million $ GDP,617.60,625.89,553.03,568.10,543.21,462.42,496.23,535.62,534.29,520.11,568.58,573.61,499.29,415.21,353.69,328.05,302.77,252.68,235.21,237.09,252.51,210.13,220.15,211.84,194.69,236.19,232.30,215.66,200.30
Chad,tCO2e/ million $ GDP,14345.98,16713.44,17135.26,22699.95,28991.37,24371.48,23912.76,26004.53,25642.46,30353.74,33841.90,29711.77,27563.61,21594.39,14117.20,9914.22,9045.44,8031.21,6727.99,7533.00,6859.99,6971.18,7117.87,6924.58,6615.90,8898.53,9922.22,10214.45,9347.25
Libya,tCO2e/ million $ GDP,3643.97,3210.40,2944.80,3277.96,3694.55,4211.06,3938.04,3569.13,4073.87,3042.59,2908.38,3382.34,5865.97,4698.98,3844.05,2822.37,2451.67,1962.78,1588.52,2246.08,1950.00,3318.85,1440.39,1666.31,2485.62,3048.78,3306.34,2549.33,1958.71
Qatar,tCO2e/ million $ GDP,1912.48,2359.46,2147.45,2423.26,2471.47,2347.22,2213.23,1919.55,2255.86,2046.83,1364.42,1491.91,1575.23,1361.27,1111.07,1006.28,805.73,701.90,526.32,646.13,550.15,434.13,432.79,416.15,431.28,571.67,624.13,604.21,544.51
Afghanistan,tCO2e/ million $ GDP,false,false,false,false,false,false,false,false,false,false,false,false,3997.77,3742.38,3183.17,2821.68,3035.33,2564.72,3131.75,2980.71,2839.71,3280.42,3324.89,3625.78,4118.79,4695.93,5301.86,5164.55,5398.06
Paraguay,tCO2e/ million $ GDP,12931.26,10332.49,9994.52,9896.57,9114.05,8137.26,7529.66,7516.18,8112.71,8861.54,8327.13,10570.79,12513.98,11928.31,9308.96,8470.97,6782.73,5305.98,3763.82,4231.15,3572.98,3273.32,3353.84,2935.82,2858.43,3194.83,2611.72,2489.29,2359.61
Zambia,tCO2e/ million $ GDP,23566.69,22773.10,23968.26,22910.30,20081.25,18635.06,16664.66,13516.28,16153.69,15633.21,13183.40,12996.49,13459.47,12682.33,10084.69,7845.84,4756.68,4500.46,3660.11,4052.10,3367.04,3524.97,3400.67,3143.81,3279.47,4440.02,4462.53,3628.76,3543.18
Morocco,tCO2e/ million $ GDP,1152.51,1120.82,1106.75,1168.72,1126.50,1043.51,959.41,1107.67,1059.32,1116.10,1224.35,1313.68,1269.87,1035.39,980.48,984.12,930.95,824.13,736.22,739.43,777.71,796.39,844.65,784.61,777.71,873.16,839.45,831.09,782.03
Ecuador,tCO2e/ million $ GDP,4619.59,4193.89,4062.55,3868.88,3297.38,3192.23,3226.16,2962.55,2943.13,4057.87,4306.84,3075.93,2648.83,2349.59,2155.03,1936.41,1770.23,1626.75,1364.40,1400.77,1299.34,1006.94,921.89,883.31,834.28,840.80,912.26,864.96,853.83
Israel,tCO2e/ million $ GDP,742.26,664.26,630.24,680.34,637.17,588.05,564.86,568.05,573.81,586.76,556.05,562.14,623.46,601.26,571.55,533.88,522.04,467.19,389.99,404.22,381.70,342.45,375.88,302.45,281.38,298.39,280.63,258.01,237.23
Central African Republic,tCO2e/ million $ GDP,44726.28,47330.26,46513.53,51735.56,81180.53,62460.65,58240.85,66510.18,70253.61,64642.68,72403.79,79485.82,70231.35,73185.10,56805.78,58513.94,53244.61,47459.09,40744.34,34331.44,36749.06,34059.45,31928.26,47679.15,41993.90,49126.19,49857.03,41820.59,39203.14
Greece,tCO2e/ million $ GDP,964.77,899.24,831.40,891.43,854.38,760.00,720.55,741.88,764.74,781.31,899.43,862.27,765.81,599.86,502.00,495.70,443.47,391.26,340.54,344.89,357.77,372.40,415.22,393.45,385.22,455.65,452.36,431.85,394.90
Romania,tCO2e/ million $ GDP,6306.44,7016.23,7245.67,6469.94,5556.61,4612.22,4763.30,4590.62,3496.92,3621.21,3618.81,3417.99,2930.15,2435.89,1839.27,1384.46,1128.82,767.27,615.49,662.15,674.51,-902.88,-985.95,-931.93,-893.71,-996.09,441.00,404.80,356.69
Oman,tCO2e/ million $ GDP,1265.43,1689.34,1456.16,1398.72,1345.22,1399.66,1289.17,1343.75,1536.93,1593.82,1388.97,1535.34,1564.32,1490.38,1296.93,1046.46,1140.48,1098.15,747.89,1001.17,922.05,865.25,854.02,869.17,893.26,1114.97,1188.98,1112.12,1031.69
Azerbaijan,tCO2e/ million $ GDP,8486.29,9575.80,12109.38,17272.83,18725.08,19659.22,17427.16,13993.91,12659.62,12354.73,11134.97,10302.26,9577.94,7893.06,6764.16,4734.06,3133.15,1948.68,1473.49,1645.87,1458.88,1204.90,1157.16,1081.11,1068.04,1491.85,2111.85,1923.63,1663.01
Kenya,tCO2e/ million $ GDP,3984.22,4038.34,4009.83,5687.95,4613.68,3684.20,2728.40,2508.71,2430.75,2829.16,2793.92,4182.61,4199.99,3769.51,3653.71,3158.63,2309.55,2391.96,2166.73,2112.21,1995.21,1796.54,1482.38,1392.59,1296.34,1285.97,1039.65,875.46,811.26
New Zealand,tCO2e/ million $ GDP,992.89,1043.94,1092.05,952.67,836.88,743.96,685.65,762.59,869.49,870.31,974.67,1058.94,879.41,691.48,574.20,533.20,550.37,437.93,451.34,472.61,389.75,372.03,368.54,338.11,323.61,366.09,370.82,347.84,340.10
Uganda,tCO2e/ million $ GDP,7898.74,10400.07,12204.55,10965.58,8786.29,6233.76,6071.34,6091.45,6038.65,6621.65,6400.91,6755.26,6540.30,6403.88,5357.38,4847.34,4435.04,4008.90,3804.96,2237.71,2215.47,2146.80,2264.39,2172.09,1979.04,2048.81,2363.12,2270.48,2148.09
Cambodia,tCO2e/ million $ GDP,false,false,false,10805.27,9423.01,8274.41,7060.05,7568.80,9474.53,8271.69,7458.57,7038.94,7117.61,7085.22,6349.44,5145.91,4923.50,4254.95,3528.02,3664.50,3287.19,7894.40,7091.21,6573.35,6031.82,5729.18,3433.79,3192.77,2814.09
South Sudan,tCO2e/ million $ GDP,false,false,false,false,false,false,false,false,false,false,false,false,false,false,false,false,false,false,5187.05,6352.16,5266.44,4921.41,6246.89,3821.88,4846.04,5396.37,false,false,false
Austria,tCO2e/ million $ GDP,377.19,385.48,313.74,321.05,300.76,264.25,284.14,312.04,304.14,297.24,329.09,387.08,364.12,316.29,277.79,264.67,241.99,201.25,180.78,177.01,195.35,171.01,172.20,165.21,152.22,179.16,173.25,169.47,149.10
Portugal,tCO2e/ million $ GDP,734.86,667.44,590.95,657.78,646.06,577.20,543.34,589.02,597.64,634.28,678.94,647.92,623.15,477.40,426.37,424.49,375.92,320.56,284.88,303.11,288.38,270.88,298.82,277.94,272.27,334.34,323.89,324.20,277.11
Belarus,tCO2e/ million $ GDP,4820.19,5516.70,5016.95,4464.83,3995.07,3696.87,3551.74,3739.98,3347.17,4010.30,3618.92,4302.28,3564.06,2974.19,2451.58,1903.31,1641.44,1311.99,1045.77,1192.60,1140.53,1149.16,1105.21,969.41,920.21,1205.88,1304.25,1165.02,1110.80
Singapore,tCO2e/ million $ GDP,873.13,764.18,716.26,729.84,648.68,559.69,525.38,506.31,579.27,586.54,575.07,611.95,584.29,521.91,455.44,388.74,337.31,284.06,267.02,269.12,233.45,211.37,198.78,193.67,193.05,202.94,200.81,193.06,178.64
Papua New Guinea,tCO2e/ million $ GDP,11942.57,10429.33,9250.84,8355.07,7712.23,9912.97,8802.96,12139.75,12236.85,13663.63,13882.62,15843.18,16539.94,14027.49,12999.00,10247.76,5940.66,5181.55,4161.95,4187.98,3415.44,3154.85,2697.50,2757.23,2593.58,2891.15,3061.73,2803.49,2658.27
Hungary,tCO2e/ million $ GDP,false,2466.41,1956.44,1901.94,1760.00,1600.34,1640.97,1583.66,1534.92,1538.20,1539.12,1407.09,1091.44,898.75,726.08,660.02,638.58,511.77,444.05,492.30,487.81,442.18,457.77,416.99,403.08,477.06,473.75,439.14,391.52
Serbia,tCO2e/ million $ GDP,false,false,false,false,false,3604.20,3123.88,2843.05,3736.99,2856.29,8343.92,2081.10,1767.10,1479.05,1479.05,1149.70,1050.65,784.09,622.59,645.67,682.44,1332.44,1406.00,1274.20,1142.29,1514.67,1575.16,1458.11,1234.41
Ireland,tCO2e/ million $ GDP,1096.05,1096.88,980.40,1058.22,997.39,835.74,782.03,734.54,713.17,666.68,688.70,653.82,551.94,431.57,361.76,337.09,311.61,261.89,253.20,271.96,283.17,245.95,266.94,247.90,229.42,209.61,209.91,186.06,162.79
Finland,tCO2e/ million $ GDP,270.60,298.78,311.66,407.05,415.45,290.16,343.52,342.34,297.04,289.35,300.61,455.33,438.79,405.62,332.62,260.67,298.50,245.72,192.60,202.72,237.94,41.51,22.17,23.86,8.65,-4.57,261.34,235.15,222.62
Botswana,tCO2e/ million $ GDP,14494.82,13792.83,13178.64,13060.84,12820.30,11739.91,11753.26,11277.24,11779.43,10301.44,9722.84,10581.63,10744.30,6831.47,5799.27,5378.14,5445.74,4892.00,5691.88,5178.67,4986.44,4483.19,4020.84,3844.08,3451.37,3864.64,3509.83,3377.47,3078.24
Mongolia,tCO2e/ million $ GDP,13460.11,15429.33,26236.15,43426.56,34130.95,22394.17,23692.43,28838.78,29968.90,31943.93,30707.21,24926.37,21312.67,18493.41,14701.70,12674.91,10221.96,8880.45,6730.01,8481.29,5029.46,3738.49,3441.91,3557.15,3869.14,4163.77,4577.20,4725.52,4250.85
Burkina Faso,tCO2e/ million $ GDP,8397.26,8448.29,11959.53,11599.10,14517.88,11725.55,10757.83,11591.48,10394.18,8638.73,10286.91,10111.73,9110.63,7695.04,6801.19,6142.20,5772.65,5055.85,4167.98,4241.60,4081.77,2576.35,2534.92,2444.13,2392.86,2882.92,4188.39,3874.45,3421.91
Nepal,tCO2e/ million $ GDP,5678.03,5351.88,6129.26,5955.51,5629.40,5475.03,5477.63,5221.72,5526.46,5711.72,5362.15,4513.81,4362.66,4367.75,3829.62,3528.16,3148.11,2789.11,2420.42,2524.51,2120.32,2249.14,2378.40,2375.66,2388.46,2186.63,2466.54,2107.18,1870.55
Chile,tCO2e/ million $ GDP,916.28,782.77,695.20,675.83,646.23,548.69,597.70,635.09,676.17,771.20,696.31,468.83,488.66,461.71,405.52,332.18,272.47,290.24,306.49,303.75,261.51,73.07,77.43,85.06,66.99,95.16,201.13,190.47,173.58
CÃ´te d'Ivoire,tCO2e/ million $ GDP,6453.66,7185.85,7261.81,7847.34,11128.04,8408.85,7599.03,7944.78,7387.03,7630.65,8737.59,5187.98,4631.86,3565.00,3155.44,3090.62,2862.17,2449.96,2009.97,1927.56,1844.19,1764.01,1709.44,1505.75,1330.38,1049.81,1030.15,964.67,854.13
Bahrain,tCO2e/ million $ GDP,3323.30,2980.15,3321.07,3206.39,3075.92,3070.89,3169.66,3202.26,3585.50,3452.45,2650.82,2768.45,2711.83,2444.39,2081.19,1907.18,1777.03,1565.85,1416.86,1613.68,1513.48,1378.13,1329.40,1344.72,1374.64,1511.94,1462.81,1351.48,1299.98
Denmark,tCO2e/ million $ GDP,495.55,568.37,476.97,527.24,507.15,411.38,477.44,460.46,428.57,410.23,419.10,422.97,388.71,343.28,272.66,244.59,256.13,211.79,181.59,190.99,191.89,158.46,151.13,148.39,132.39,147.53,157.09,141.56,130.93
Solomon Islands,tCO2e/ million $ GDP,20722.88,19634.45,16652.65,14958.59,11209.03,9568.97,8703.55,8346.72,9661.36,8979.01,10404.16,5328.43,6398.81,6526.55,5904.70,5004.68,4444.94,3880.82,3438.21,3293.27,2885.58,-16234.22,-14296.70,-13214.32,-12733.28,-13024.84,33576.27,31208.56,29079.25
Syria,tCO2e/ million $ GDP,4699.66,4792.28,4780.95,4662.07,6645.25,6266.36,5412.84,5176.65,5154.37,4871.81,4001.92,3689.87,3635.87,3610.67,3234.19,3197.10,2887.28,2472.89,false,false,false,false,false,false,false,false,false,false,false
Niger,tCO2e/ million $ GDP,5455.70,5990.16,5974.08,9484.23,11095.20,9620.32,9539.39,10274.89,9277.18,9919.11,11636.16,9111.82,8314.38,7088.76,6635.76,5904.00,5646.28,4901.84,4023.74,4181.64,3935.64,3706.75,3710.44,3600.47,3593.66,4216.30,4111.08,3958.61,3603.72
North Korea,tCO2e/ million $ GDP,false,false,false,false,false,false,false,false,false,false,false,false,false,false,false,false,false,false,false,false,false,false,false,false,false,false,false,false,false
Somalia,tCO2e/ million $ GDP,46334.29,false,false,false,false,false,false,false,false,false,false,false,false,false,false,false,false,false,false,false,false,false,false,11367.68,11202.19,10981.66,10579.56,9818.16,9388.80
Switzerland,tCO2e/ million $ GDP,198.36,204.49,196.12,192.35,170.75,148.55,155.99,174.62,174.78,178.28,187.05,185.32,165.76,144.94,130.90,127.94,120.66,104.30,93.17,92.67,88.63,68.34,73.41,72.71,65.24,66.92,68.46,66.12,62.09
Mali,tCO2e/ million $ GDP,6679.18,6560.97,6334.60,6440.95,8842.03,6928.95,6907.67,7486.27,8438.25,7532.05,8502.39,6446.40,5814.00,4976.53,4723.42,4270.00,3909.76,3429.70,2998.10,2906.25,2974.61,2520.61,2687.24,2614.46,2449.69,2797.94,2926.46,2742.61,2562.10
Madagascar,tCO2e/ million $ GDP,14147.26,17118.52,15087.90,13906.80,16031.98,14826.54,11670.40,13363.43,13218.46,13537.18,12235.61,8975.15,8704.44,7712.57,9501.88,8929.76,7945.09,6116.06,4730.81,5371.67,5228.46,3484.00,3543.10,3220.56,3203.05,3632.87,3530.41,3078.14,2980.50
Guinea,tCO2e/ million $ GDP,7892.95,7087.99,6608.01,6730.62,6647.24,6199.29,5778.85,6024.82,6764.80,6888.07,8106.71,8930.00,8964.21,7740.86,7348.82,9602.94,6763.58,4603.94,4241.22,4468.34,4711.68,4990.89,4630.99,4251.22,4136.83,4219.12,4765.58,3981.69,3774.11
Slovakia,tCO2e/ million $ GDP,4515.15,3469.29,3030.89,2679.91,2061.36,1631.15,1510.94,1515.85,1366.90,1292.12,1260.17,1249.51,1077.85,815.04,654.15,611.41,536.30,427.31,366.42,372.45,384.86,343.60,335.81,327.70,293.86,340.89,418.47,412.75,367.66
Cuba,tCO2e/ million $ GDP,1525.60,1432.60,1308.56,1122.76,929.35,926.82,1251.24,1330.36,1291.03,1183.40,1109.08,1053.98,954.31,872.07,807.58,728.10,605.73,563.04,533.64,545.22,573.44,482.81,458.07,417.13,394.58,366.20,466.42,407.55,388.12
Guatemala,tCO2e/ million $ GDP,3760.80,3108.11,2922.48,2743.36,2433.45,2230.91,2117.12,1891.70,1934.94,1977.34,2007.16,1893.87,1753.55,1739.06,1547.92,1442.06,1276.61,1179.01,993.90,1073.47,974.33,731.56,705.65,694.49,654.19,656.89,571.92,516.76,529.22
Nicaragua,tCO2e/ million $ GDP,29331.80,18974.22,16264.81,16983.27,7803.74,7133.38,6861.43,6925.90,6768.13,6580.08,6367.40,6884.73,7105.20,7193.41,6516.20,6051.14,5678.64,5196.82,4526.55,4646.69,4446.47,2805.74,2637.15,2553.74,2437.51,2341.36,2910.68,2791.73,2959.76
Laos,tCO2e/ million $ GDP,23622.91,19756.04,18226.23,15456.29,13494.83,11807.01,11255.44,11840.01,17465.77,14422.78,11790.77,11811.59,12493.23,11139.23,11318.35,8792.86,6700.26,6623.48,4327.46,4281.35,4016.47,2460.36,2298.71,2046.39,1879.22,2034.80,2366.25,2300.13,2151.55
Dominican Republic,tCO2e/ million $ GDP,1222.20,1006.86,995.91,904.74,943.54,864.69,837.35,847.48,870.02,880.98,833.82,1029.42,1059.46,1234.68,1150.72,754.26,762.52,684.16,628.76,616.65,577.31,555.17,543.65,522.71,491.29,497.09,478.58,443.12,438.31
Tunisia,tCO2e/ million $ GDP,1540.78,1528.01,1337.45,1526.20,1425.65,1273.28,1248.28,1212.30,1216.68,1219.16,1376.35,1356.24,1296.26,1100.49,1005.61,987.72,957.73,863.87,752.24,789.93,831.96,877.00,913.04,886.56,907.95,1020.30,859.90,928.50,938.23
Sri Lanka,tCO2e/ million $ GDP,3629.38,3233.72,3189.93,3037.46,2757.82,2492.23,2315.86,1991.55,1738.50,1708.30,1582.26,1494.77,1484.18,1365.28,1257.38,1145.62,933.99,846.00,679.63,637.50,494.54,446.31,445.79,381.74,393.37,428.12,451.59,432.70,420.11
Jordan,tCO2e/ million $ GDP,4488.40,4406.62,4121.79,4036.36,3800.32,3469.01,3257.72,3046.40,2689.26,2496.31,2470.38,2342.95,2278.77,2199.71,2096.71,2021.18,1738.98,1614.84,1186.83,1123.64,1011.02,967.05,1015.50,940.96,941.14,906.29,879.22,887.21,834.16
Uruguay,tCO2e/ million $ GDP,1671.42,1530.97,1457.18,1286.91,1098.39,1005.56,1009.00,850.06,785.55,873.84,835.74,1050.43,1637.59,1924.05,1833.22,1455.21,1398.68,1125.54,951.54,898.68,646.38,639.42,614.88,530.60,524.17,558.73,669.59,576.90,577.10
Senegal,tCO2e/ million $ GDP,2651.13,2753.09,2647.16,2846.88,4256.68,3441.57,3517.64,3908.04,3828.78,4090.14,4503.67,4191.98,3762.99,2854.98,2654.44,2521.49,2383.02,1988.84,1731.60,1830.77,1900.83,1676.52,1665.99,1637.91,1599.61,1832.88,1793.73,1624.20,1478.55
Lebanon,tCO2e/ million $ GDP,2547.26,1860.75,1502.37,1531.88,1367.24,1312.87,1198.95,1182.19,1099.63,1146.58,1088.17,1138.80,1048.09,1033.49,1007.12,964.44,899.25,756.68,773.92,733.70,652.14,643.21,642.18,602.78,628.05,652.46,658.31,668.46,623.64
Sweden,tCO2e/ million $ GDP,268.32,258.57,258.36,344.76,328.47,279.77,275.35,276.27,276.47,268.55,264.09,226.02,210.32,170.80,144.61,132.93,119.62,98.77,91.51,99.66,99.00,58.92,56.07,49.90,48.02,55.13,63.74,60.07,54.09
Norway,tCO2e/ million $ GDP,257.99,232.54,220.84,254.92,253.90,207.82,198.46,211.08,231.16,231.59,188.12,143.92,125.37,115.59,101.97,83.26,75.64,66.77,54.71,63.97,67.78,62.55,58.94,55.68,58.94,76.84,78.70,70.21,65.45
Honduras,tCO2e/ million $ GDP,3614.83,3858.23,3694.99,3672.80,4050.07,3663.34,3672.09,3393.56,3139.09,2955.57,2733.98,2545.10,2534.57,2764.26,2538.87,2377.51,2159.25,1964.09,1750.99,1671.17,1544.03,1485.49,1416.26,1463.31,1386.59,1319.65,1260.14,1164.19,1170.97
Benin,tCO2e/ million $ GDP,10363.37,10290.32,12127.74,9090.71,13118.92,9596.05,9378.12,9888.66,9593.59,6347.10,6709.11,4946.28,4565.13,3563.05,3092.22,3097.20,2999.94,2687.62,2226.18,2308.94,2410.51,2171.96,2084.23,1911.33,1844.11,2208.26,2269.42,2126.84,1973.11
Malawi,tCO2e/ million $ GDP,10324.21,8492.36,9912.03,8255.53,13390.93,11642.19,7206.69,6191.50,9607.17,9533.02,9744.78,10096.72,5141.01,5818.80,5419.82,5321.12,4817.67,4420.24,3765.33,3176.26,2943.05,2624.04,3628.28,4074.94,3890.22,3830.23,4598.03,4030.11,3878.95
Bosnia and Herzegovina,tCO2e/ million $ GDP,false,false,false,false,7621.56,5078.78,3790.92,4213.78,4448.89,3904.62,4007.66,3270.13,2847.64,2322.82,1934.26,1886.29,1790.59,1531.46,1363.66,1492.97,1531.35,1359.39,1367.45,1283.50,1118.36,1290.77,1505.50,1423.14,1261.02
Equatorial Guinea,tCO2e/ million $ GDP,36025.68,36921.90,30782.20,37643.49,51354.90,36880.57,31205.75,20071.09,27984.31,19466.31,13506.26,11229.02,10848.71,9108.64,6034.49,3572.47,2993.69,2168.54,1495.81,1995.66,1815.56,1374.68,1304.88,1280.56,1212.64,1895.76,2044.00,1846.51,1739.58
Trinidad and Tobago,tCO2e/ million $ GDP,3005.31,2665.36,2407.93,2922.45,2871.31,2697.71,2541.96,2646.15,2580.25,2319.63,1969.90,1954.00,1992.33,1530.48,1359.16,1365.43,1336.82,1136.46,855.42,1204.11,1160.01,1042.77,998.98,976.71,945.11,1025.98,1030.61,1032.16,967.12
Liberia,tCO2e/ million $ GDP,false,false,false,false,false,false,false,false,false,false,19267.69,18680.59,18341.99,23020.77,19336.71,18453.35,15980.55,13019.17,10427.83,10725.83,9282.61,8065.38,7365.06,6725.42,6956.44,7298.68,6888.02,6853.79,6942.97
Namibia,tCO2e/ million $ GDP,false,6663.85,5807.33,6167.44,5511.17,5112.02,5078.28,4848.56,5387.57,5409.55,5603.01,6179.02,6138.98,4317.85,3284.11,3081.52,2963.35,2589.96,2489.97,2727.74,2083.82,2305.70,2303.81,1936.36,1823.19,2010.58,2194.03,1840.11,1671.59
Panama,tCO2e/ million $ GDP,2193.57,2065.99,1901.49,1771.49,1693.13,1679.54,1623.83,1492.94,1467.32,1327.52,1319.80,1282.75,1180.02,1142.45,1043.29,1058.51,985.28,840.63,716.88,723.98,688.70,616.11,546.20,491.77,461.37,416.03,392.42,358.28,344.13
Yemen,tCO2e/ million $ GDP,2190.96,2363.68,2290.23,2593.88,3431.48,3714.79,2848.05,2605.82,3041.70,2756.98,2305.31,2417.11,2246.49,2290.63,2035.41,1751.25,1556.82,1450.99,1228.47,1470.94,1152.04,989.74,889.04,948.84,898.17,613.70,735.07,821.90,926.60
Estonia,tCO2e/ million $ GDP,false,false,false,4987.88,4640.89,3872.53,3828.67,3474.17,3065.57,2850.73,2824.20,2645.10,2190.73,1831.98,1503.68,1306.14,1009.89,944.43,806.73,823.68,1028.79,621.42,573.95,622.14,537.43,518.58,833.24,773.83,671.14
Republic of Congo,tCO2e/ million $ GDP,4959.80,5908.71,5459.72,8326.06,8903.62,7513.38,5779.45,6566.86,7770.65,6363.11,4505.42,5153.23,4850.62,4568.82,3445.50,2786.88,2348.57,2150.78,1659.27,1993.10,1494.66,1270.55,1119.13,1077.56,1068.33,1591.72,1956.14,1775.59,1500.93
Ghana,tCO2e/ million $ GDP,3886.55,3510.59,3722.92,4085.84,4564.52,3931.28,3803.09,4030.25,4188.13,3930.13,6253.12,12467.99,10978.52,8961.97,7582.72,6494.38,3477.85,2883.42,2493.49,2799.79,2327.48,1571.67,1569.32,1084.12,1271.57,1459.31,298.68,305.53,299.01
Bulgaria,tCO2e/ million $ GDP,3712.22,5424.99,5169.12,4803.36,4962.94,2599.87,4057.16,4185.48,2894.93,2683.98,2715.68,2581.34,2070.57,1832.73,1431.22,1252.48,1090.26,938.62,720.24,611.20,664.75,884.25,833.63,718.43,747.78,892.50,380.39,384.07,294.73
Guyana,tCO2e/ million $ GDP,24174.18,28155.15,26239.02,21882.05,18918.22,17726.22,16137.95,15645.51,16555.77,17186.81,16312.88,17381.18,16902.93,16889.93,16433.12,15253.92,5206.33,4650.49,4245.85,4065.28,3825.86,5650.70,5194.31,5099.72,5196.46,5039.66,4203.40,3983.44,3993.86
Lithuania,tCO2e/ million $ GDP,false,false,false,false,false,2960.48,2867.60,2353.51,2197.03,1999.48,1754.98,1647.65,1438.93,1101.56,956.52,872.77,758.72,602.07,488.19,528.08,553.27,319.36,322.15,278.24,256.53,306.85,423.26,379.17,338.99
Croatia,tCO2e/ million $ GDP,false,false,false,false,false,1092.31,1004.56,1065.94,1009.19,1083.34,1132.17,1097.37,980.74,789.97,653.29,596.42,551.11,487.70,405.37,413.94,423.03,390.26,396.82,366.59,357.44,427.88,356.35,343.50,296.70
Slovenia,tCO2e/ million $ GDP,459.06,551.87,538.67,586.04,521.51,408.25,443.34,482.59,440.32,398.76,431.53,359.04,322.17,254.41,225.47,219.86,210.93,172.02,166.50,144.24,156.88,318.36,339.01,312.92,272.45,317.43,390.68,363.36,323.38
Brunei,tCO2e/ million $ GDP,4404.45,4082.76,3693.97,3863.57,3982.17,3546.33,3340.99,3460.89,5345.38,3800.91,3011.11,3224.78,3103.87,2936.72,2396.29,1979.12,1808.66,1624.39,1374.81,1820.76,1347.79,950.89,927.02,964.35,1017.00,1257.89,1453.32,1373.49,1249.31
Georgia,tCO2e/ million $ GDP,4356.94,3720.23,4217.51,3443.36,778.66,-551.72,-1007.26,-1090.98,-1196.65,-1648.65,-1390.16,2499.15,2206.35,2013.04,1585.38,1365.66,1177.96,970.30,703.23,905.32,774.37,951.64,925.31,933.68,943.67,1135.09,1148.54,1058.48,960.26
Tajikistan,tCO2e/ million $ GDP,6778.52,6688.69,7300.29,6741.96,5671.90,6530.58,7100.39,8304.37,5746.04,6545.70,7852.13,5928.33,5286.88,4257.05,3456.12,3137.63,2723.92,2252.67,1691.83,1684.21,1494.53,1327.34,1236.91,1166.59,1240.06,1512.44,1944.48,1965.50,2004.32
Kyrgyzstan,tCO2e/ million $ GDP,11822.52,11427.70,9372.21,8312.34,6946.70,5411.93,5430.97,5552.30,6092.66,6946.43,6305.53,5943.85,6242.81,5553.92,4886.69,4263.15,3739.40,3116.84,2533.41,2698.04,2570.63,2099.44,2361.51,2062.80,2098.44,2429.59,1944.14,1683.68,1796.05
Gabon,tCO2e/ million $ GDP,1862.02,2083.23,2049.97,2628.28,2669.87,2231.04,1900.76,2001.49,2339.12,2177.20,1917.08,1814.33,1677.68,1397.54,1201.10,985.36,869.83,724.66,595.04,763.90,689.82,783.00,844.40,825.44,787.12,1005.51,1059.24,939.96,828.23
El Salvador,tCO2e/ million $ GDP,1713.45,1732.15,1636.38,1504.91,1397.32,1230.68,1136.34,1147.08,1079.40,1061.63,1005.09,1013.52,998.53,994.47,981.89,940.52,893.03,876.13,797.31,792.43,742.50,671.89,644.37,593.33,590.60,589.27,570.45,522.26,514.72
Moldova,tCO2e/ million $ GDP,false,false,false,false,false,10433.01,9750.97,7680.99,7867.03,10246.14,8654.79,7214.51,6510.35,5767.15,4390.05,3914.80,3332.52,2631.62,1890.57,1979.58,1652.62,1455.66,1378.02,1173.67,1241.59,1552.02,1582.85,1324.76,1159.49
Suriname,tCO2e/ million $ GDP,15756.95,14445.50,16254.61,15213.94,10825.09,9647.17,7876.27,7300.65,6145.89,7767.45,6522.03,7910.31,5550.43,4943.95,4480.77,3810.30,2582.25,2272.05,1941.58,1805.83,1678.06,2684.43,2479.54,2369.53,2409.59,2660.54,4290.27,4123.02,3794.19
Mauritania,tCO2e/ million $ GDP,4725.48,3449.86,3338.48,4029.50,3791.21,3572.35,3747.50,3994.39,4212.43,4596.54,5365.13,5532.71,5485.25,4838.74,4214.21,3443.64,2614.65,2480.55,1973.18,2311.69,2042.63,1717.17,1793.73,1670.15,1903.26,2144.36,1901.46,1899.62,1843.43
Sierra Leone,tCO2e/ million $ GDP,11494.65,9562.36,11132.73,9960.15,8380.27,8393.17,6961.80,7694.74,9920.90,9477.32,10256.59,6372.41,5885.62,5994.81,6028.30,5273.28,5387.90,4367.43,3454.64,3668.06,3388.07,3182.84,2758.87,2123.57,2187.70,2660.97,3002.22,2910.45,2586.59
Haiti,tCO2e/ million $ GDP,1657.66,1539.49,2550.38,2874.78,2259.20,2021.21,2054.83,1908.60,1749.14,1601.45,1035.89,1145.90,1241.23,1523.69,1247.28,1075.66,1029.41,863.08,775.99,719.15,741.15,739.83,682.96,665.83,676.97,695.69,767.17,741.23,661.68
Macedonia,tCO2e/ million $ GDP,2974.61,2695.93,5221.63,4742.35,3449.59,2543.93,2888.40,3121.67,3468.96,3140.41,3140.15,3201.49,2802.38,2459.46,2103.51,1969.48,1803.48,1537.12,1272.21,1266.62,1248.81,1209.83,1243.70,1038.91,952.09,1048.77,986.41,973.68,828.33
Jamaica,tCO2e/ million $ GDP,2044.83,2305.26,2884.01,1919.03,1920.46,1641.21,1502.29,1338.66,1344.32,1367.31,1360.48,1020.32,982.61,1057.62,971.72,875.75,926.29,856.74,625.18,563.21,486.80,639.47,595.13,651.47,656.97,635.83,668.39,599.08,649.10
Luxembourg,tCO2e/ million $ GDP,873.56,840.45,729.77,723.48,605.02,414.26,414.39,431.85,388.17,370.08,416.00,443.99,433.04,359.72,348.00,329.42,285.45,226.32,204.85,211.42,215.33,193.19,200.01,175.06,156.10,169.85,156.47,150.23,140.21
Albania,tCO2e/ million $ GDP,5673.53,8319.42,10873.12,5932.69,4184.74,3188.88,2298.88,2942.40,2701.89,2519.23,2437.87,1804.67,1771.12,1449.42,1140.31,990.86,885.66,744.06,595.35,642.02,671.77,682.05,681.77,672.85,686.59,791.17,799.69,772.60,649.75
Armenia,tCO2e/ million $ GDP,10830.43,12118.61,11749.60,7296.88,4743.88,4662.69,3618.54,3896.69,3333.62,3143.69,3218.91,2954.41,2494.80,2263.68,1886.72,1524.08,1237.34,930.26,781.56,927.48,850.41,818.40,874.50,829.25,791.08,869.68,904.73,808.40,754.32
Togo,tCO2e/ million $ GDP,4228.32,4188.76,3779.30,5104.19,6708.55,5057.93,4869.62,4616.94,4971.82,5301.21,5343.19,4020.10,3790.40,3358.71,3040.90,3419.30,3072.39,2592.51,2179.36,2572.50,2474.48,2309.61,2174.42,1912.47,1746.15,2089.94,2020.04,1833.94,1723.11
Burundi,tCO2e/ million $ GDP,7362.11,7228.04,7825.56,9054.41,9122.01,8651.92,9970.95,8953.79,9766.94,10803.10,9960.51,7442.31,7860.84,8211.94,7066.24,5826.90,5234.63,4968.18,4261.17,3939.16,3624.01,1164.14,1140.43,1233.50,1094.23,947.51,2787.77,2799.30,2961.11
Latvia,tCO2e/ million $ GDP,false,false,false,false,false,22.93,20.81,-66.92,-122.01,-201.79,-277.82,-343.96,-296.38,-229.11,-180.72,-144.13,-88.54,-47.71,-50.41,-98.53,-58.94,317.82,313.95,290.44,279.58,324.00,305.30,278.21,258.23
Costa Rica,tCO2e/ million $ GDP,1985.52,1618.94,1490.28,1339.34,1261.34,1105.52,1091.34,1018.41,993.37,939.21,882.21,665.68,643.20,639.23,592.29,576.86,522.86,494.99,437.84,425.15,351.76,165.79,150.58,150.63,148.12,135.04,145.30,144.08,141.01
Cyprus,tCO2e/ million $ GDP,956.05,1017.03,909.50,994.82,917.15,674.23,707.59,750.47,731.10,739.98,804.44,746.20,699.21,594.72,496.35,474.15,440.66,382.61,336.17,353.81,344.71,310.63,322.46,308.88,335.35,394.48,395.63,370.78,329.92
Eritrea,tCO2e/ million $ GDP,false,false,11944.49,12394.30,12235.33,12297.84,10979.53,11781.56,10856.96,11972.81,11804.36,10510.57,10560.12,8845.58,6864.90,6808.40,6062.30,5890.67,5653.36,4280.45,5004.31,3877.10,false,false,false,false,false,false,false
Rwanda,tCO2e/ million $ GDP,2620.28,3483.74,3248.39,3299.74,8468.69,4756.23,4552.39,3463.06,3302.58,3133.37,3286.74,3422.38,3485.10,3207.89,2865.19,2296.56,2110.82,1774.59,1430.70,1327.60,1270.92,990.01,911.22,913.74,870.59,918.54,886.79,838.84,812.00
Belize,tCO2e/ million $ GDP,32027.93,30157.75,26299.33,24463.01,23764.86,20502.84,18011.97,16157.92,13926.99,11521.02,8933.89,4810.09,4634.25,4594.85,3908.02,3855.37,3534.90,3507.49,3267.70,4130.25,3338.14,4940.77,4554.15,4392.65,4086.48,4059.79,3815.84,3724.59,3646.24
Mauritius,tCO2e/ million $ GDP,850.81,825.86,760.42,799.51,754.67,679.49,660.54,723.19,793.21,883.27,916.39,971.79,929.76,807.19,717.65,756.95,759.79,672.74,559.50,611.92,585.90,506.33,513.57,504.83,494.45,545.19,531.57,505.15,473.44
Timor-Leste,tCO2e/ million $ GDP,false,false,false,false,false,false,false,false,false,false,3091.90,4598.64,6942.03,8370.52,11109.00,12720.88,13738.15,12014.02,10622.00,9917.00,8523.07,7021.04,6441.24,5275.65,5067.29,4615.31,4381.64,4289.21,4271.01
Lesotho,tCO2e/ million $ GDP,5587.41,4810.24,4338.06,4331.23,4130.10,3584.05,3790.22,3613.05,3911.73,4528.91,4600.50,4942.95,5067.06,3466.56,2639.00,2488.32,2367.09,2598.09,2578.00,2681.40,2161.18,1945.34,2089.45,2182.40,2154.60,2272.28,2503.98,2401.85,2269.81
Guinea-Bissau,tCO2e/ million $ GDP,13730.47,13070.93,15022.59,14496.03,14680.37,13746.62,11615.37,11859.05,16528.08,16795.42,9376.24,9293.02,9077.62,8136.56,7328.74,6550.28,6993.16,5952.31,4502.86,4802.46,4855.92,3682.28,4526.95,4062.26,4121.23,4376.53,3710.75,3248.71,3045.66
Montenegro,tCO2e/ million $ GDP,false,false,false,false,false,false,false,false,false,false,2207.55,-1390.67,-1250.83,-938.75,-842.94,11.60,32.16,-28.46,80.08,-167.30,12.25,894.85,936.13,825.68,782.02,909.24,784.64,735.47,696.07
Barbados,tCO2e/ million $ GDP,1550.52,1561.09,1731.34,1568.61,1541.49,1520.24,1430.45,1397.57,1280.89,1237.79,1177.27,1202.16,1197.14,1162.66,1081.91,986.67,907.59,823.88,870.54,1569.97,881.89,878.07,1009.66,842.29,801.16,800.35,789.82,746.87,744.38
Iceland,tCO2e/ million $ GDP,521.72,471.04,431.28,485.15,484.54,425.86,442.71,431.76,402.45,378.43,381.19,398.45,358.10,288.95,243.77,198.34,220.97,177.07,206.59,255.45,236.63,197.06,202.09,195.83,180.52,186.81,156.03,136.29,130.33
Gambia,tCO2e/ million $ GDP,16283.28,7711.96,7612.86,7365.28,6833.68,5895.78,5075.05,4965.53,4428.17,4493.53,4225.00,4051.79,4450.42,5103.87,2497.62,2211.26,2263.87,1919.94,1687.72,2077.52,2003.78,1980.69,2041.81,2158.05,2537.89,2286.74,2149.26,2146.53,1983.94
Eswatini,tCO2e/ million $ GDP,2340.35,2288.99,2020.01,1712.70,1887.49,1577.10,1594.27,1680.68,1895.88,1953.83,1687.57,1778.83,1944.10,1281.60,1019.88,904.59,840.73,860.42,873.55,780.25,635.94,588.95,593.45,741.66,640.84,707.97,808.87,664.79,642.93
Bahamas,tCO2e/ million $ GDP,643.04,687.04,899.50,765.82,706.62,687.06,637.39,331.61,383.31,335.62,311.61,288.71,287.71,284.90,276.47,239.53,230.18,224.31,235.75,638.77,239.69,279.83,372.78,334.35,269.54,235.32,218.06,209.06,203.44
Maldives,tCO2e/ million $ GDP,954.97,866.98,984.70,812.97,749.08,819.90,786.08,822.36,736.63,888.87,899.61,673.28,806.15,609.61,699.87,718.54,635.94,542.65,451.19,460.80,441.19,438.57,477.93,422.56,447.14,404.35,484.42,469.77,448.87
Grenada,tCO2e/ million $ GDP,6619.97,6184.14,6180.37,6174.57,5943.20,5729.26,5430.92,5150.65,4614.04,4297.06,3980.37,4031.76,3937.73,3631.10,3570.47,3110.02,3131.20,2917.09,2711.66,3585.19,2927.15,2911.94,3017.93,2751.40,2484.84,2301.28,2175.74,2070.04,2015.60
Malta,tCO2e/ million $ GDP,990.22,882.49,796.04,1125.06,919.06,705.17,671.98,718.55,656.06,648.80,591.51,679.74,585.10,535.37,479.20,463.45,449.63,395.60,338.80,331.99,330.98,308.86,333.75,268.06,244.19,195.15,159.87,152.76,137.74
Djibouti,tCO2e/ million $ GDP,2186.07,2188.79,2129.84,2222.03,2136.01,2212.31,2318.10,2345.30,2320.07,2294.16,2299.77,2232.13,2208.46,2131.06,1979.32,1916.37,1762.65,1649.84,1408.63,1337.84,1295.32,1148.22,1080.44,745.59,645.15,623.67,565.57,530.09,492.17
Antigua and Barbuda,tCO2e/ million $ GDP,782.23,772.72,902.09,798.18,734.75,796.24,765.40,764.52,780.84,768.19,737.15,814.64,872.56,873.58,823.69,770.76,742.45,698.79,708.70,1568.46,904.63,937.36,1072.20,894.29,856.66,819.65,789.44,790.25,755.24
Bhutan,tCO2e/ million $ GDP,-18210.94,-21631.01,-21612.10,-23150.35,-20011.83,-17555.84,-16709.45,-14207.47,-13757.62,-12236.48,-12207.15,-11364.73,-10008.63,-8684.39,-7730.14,-6388.40,-5838.44,-4304.18,-4202.25,-4162.22,-3223.87,270.42,349.28,378.94,390.05,382.31,470.01,452.73,472.40
Vanuatu,tCO2e/ million $ GDP,2941.99,2537.47,2540.82,2783.39,2414.19,2281.67,2259.82,2192.97,2276.66,2271.17,2168.34,2228.03,2162.66,1879.89,1588.69,1513.16,1376.73,1380.90,1193.14,1181.99,1051.96,963.29,973.93,950.99,1010.06,1070.51,1065.38,976.72,948.59
Samoa,tCO2e/ million $ GDP,3745.52,3773.35,3583.53,3602.66,2337.29,2301.33,2101.89,1850.46,1985.33,2087.51,2032.43,2079.25,1985.14,1712.05,1411.71,1308.79,1210.06,1069.60,969.30,1051.88,946.69,875.98,855.00,853.02,901.84,920.18,957.55,936.52,971.26
Seychelles,tCO2e/ million $ GDP,594.47,648.83,564.38,545.37,574.25,545.23,626.30,761.38,862.60,973.50,1084.39,1170.40,908.22,917.96,1011.26,863.46,827.34,728.54,835.08,733.40,573.95,486.62,540.88,408.02,444.39,468.86,480.70,485.00,489.00
Cape Verde,tCO2e/ million $ GDP,-887.85,-810.86,-626.67,-444.00,-574.45,-406.28,-425.52,-402.00,-320.23,-225.71,-204.51,654.42,651.43,532.60,512.15,595.43,578.00,396.52,345.80,390.30,425.49,375.33,383.94,352.59,350.50,414.36,426.02,414.66,389.52
Comoros,tCO2e/ million $ GDP,779.99,793.04,754.14,779.28,1112.39,910.35,922.12,1026.19,1057.20,1049.50,1096.82,1067.24,964.33,783.72,702.31,722.37,678.06,531.80,486.75,504.09,548.09,496.42,511.38,491.28,475.42,588.25,591.61,592.28,554.77
Saint Lucia,tCO2e/ million $ GDP,1289.16,1256.71,1303.19,1291.71,1308.72,1165.72,1045.25,926.30,753.24,626.75,520.06,626.90,572.75,571.73,525.86,465.70,444.15,355.15,338.23,870.47,390.04,341.34,427.63,294.89,310.23,311.85,288.94,283.10,286.02
Andorra,tCO2e/ million $ GDP,418.55,390.73,358.93,436.71,430.36,388.58,403.30,432.73,447.88,460.58,411.69,383.31,344.50,259.64,222.28,209.75,184.61,160.75,156.64,169.44,181.80,165.95,187.94,184.43,175.76,207.69,202.32,195.10,182.45
Sao Tome and Principe,tCO2e/ million $ GDP,false,false,false,false,false,false,false,false,false,false,false,1453.91,1339.36,1180.51,1096.77,947.47,921.96,892.14,745.91,786.29,798.29,1561.93,1525.74,1290.60,1104.14,1230.08,1141.64,1072.72,993.56
Saint Kitts and Nevis,tCO2e/ million $ GDP,861.48,862.35,956.06,824.69,774.39,755.12,714.11,666.56,705.32,671.43,669.56,653.36,674.50,679.01,650.45,577.96,512.76,505.36,469.31,1086.08,464.46,458.14,568.21,398.10,366.02,374.91,364.77,355.83,364.64
Saint Vincent and the Grenadines,tCO2e/ million $ GDP,451.45,449.95,525.64,540.29,580.94,580.15,544.31,542.15,607.52,568.89,497.78,663.39,667.26,650.78,624.74,597.11,544.19,555.95,434.51,1588.50,484.68,463.22,696.06,411.56,506.26,402.78,452.96,444.37,451.49
Tonga,tCO2e/ million $ GDP,2213.85,2004.52,1838.92,1882.83,1352.48,1252.81,1073.17,1140.74,1255.29,1282.12,1175.68,1289.87,1321.21,1301.98,1158.31,1050.53,994.00,909.07,788.21,902.44,713.74,609.92,546.48,587.75,603.08,610.79,725.97,731.73,709.45
Palau,tCO2e/ million $ GDP,false,false,false,false,false,false,false,false,false,false,1558.32,1487.09,1438.20,1520.17,1521.97,1453.19,1404.52,1300.39,1170.47,1191.99,1263.64,1208.69,1111.34,1094.83,1014.30,877.73,991.14,1065.11,1144.72
Fiji,tCO2e/ million $ GDP,-534.84,-505.15,-427.08,-362.87,-297.86,-243.64,-200.70,-206.33,-283.04,-257.68,-279.06,-124.62,-200.79,-104.74,62.63,-7.65,17.35,-13.84,-95.80,-119.23,-56.08,-46.92,-50.46,-9.30,41.26,-35.69,13.34,35.22,50.78
Micronesia,tCO2e/ million $ GDP,false,-127.85,477.30,439.82,493.81,704.60,724.98,797.18,776.44,773.22,748.02,793.54,747.78,800.75,830.81,810.07,725.24,700.73,615.60,637.65,528.14,536.43,545.34,594.74,608.10,630.47,672.61,617.57,588.05
Marshall Islands,tCO2e/ million $ GDP,false,313.47,1171.06,1130.27,1084.42,1014.49,1105.64,1112.55,1129.00,1105.26,1170.01,1125.13,1126.69,1116.18,1202.48,1184.70,1172.56,1137.33,1093.53,1126.03,1081.26,1012.94,966.98,964.71,1003.47,1026.96,1093.18,1051.83,1064.65
Dominica,tCO2e/ million $ GDP,1209.24,1113.39,1125.70,1046.45,987.25,965.82,808.52,830.45,767.65,739.73,768.56,619.62,528.74,555.94,562.70,591.84,577.29,563.75,522.10,1140.83,480.94,458.25,647.99,469.22,462.27,449.81,410.53,423.35,415.85
Liechtenstein,tCO2e/ million $ GDP,174.17,171.73,156.37,156.75,127.82,104.13,102.10,116.50,112.47,103.57,107.59,109.32,103.81,94.23,83.99,79.50,73.54,57.64,56.14,60.10,50.19,37.00,40.62,35.72,29.59,31.08,29.72,29.20,26.10
Kiribati,tCO2e/ million $ GDP,986.58,851.27,853.12,959.80,789.25,826.25,767.29,729.94,758.56,736.22,815.60,846.01,878.34,739.16,733.81,816.08,870.41,637.58,617.28,615.70,506.75,438.62,443.82,490.86,487.30,509.31,583.21,559.31,556.84
Cook Islands,tCO2e/ million $ GDP,false,false,false,false,false,false,false,false,false,false,false,false,false,false,false,false,false,false,false,false,false,false,false,false,false,false,false,false,false
Nauru,tCO2e/ million $ GDP,false,false,false,false,false,false,false,false,false,false,false,false,false,false,false,false,false,false,false,false,1043.22,704.02,499.22,540.88,546.14,668.82,681.79,669.47,617.25
Tuvalu,tCO2e/ million $ GDP,1736.12,1716.84,1762.29,1763.29,1571.92,1554.26,1394.78,1365.57,1440.62,1353.17,1350.29,1415.32,1288.39,1096.58,1025.15,1014.76,971.04,864.13,677.14,762.29,651.00,540.17,585.49,591.90,599.54,663.60,678.67,617.52,619.00
Niue,tCO2e/ million $ GDP,false,false,false,false,false,false,false,false,false,false,false,false,false,false,false,false,false,false,false,false,false,false,false,false,false,false,false,false,false
Data source,CAIT
Data for,Location: World. Sectors/Subsectors: Total including LUCF. Gases: All GHG. Calculation: per GDP. Show data by Countries