Country,Year,ghg_mtco2,ghg_pergdp,gdp_percapita,population,fossilfuels_percapita,nuclear_percapita,renewables_percapita,yearly_oil_co2,yearly_gas_co2,yearly_flaring_co2,yearly_coal_co2,yearly_cement_co2
Brazil,1990,1642.29,3555.11,917245130000.0,149003230.0,5567.988,41.703,4382.485,151.775,7.484,7.554,37.095,11.062
Brazil,1991,1669.56,2769.41,931113340000.0,151648000.0,5637.896,26.414,4530.558,156.7,7.336,7.361,42.466,11.776
Brazil,1992,1679.5,4192.47,926765800000.0,154259380.0,5898.042,31.675,4560.862,163.252,7.983,7.445,41.203,9.77
Brazil,1993,1689.7,3859.53,970001000000.0,156849090.0,6057.62,7.828,4713.072,171.252,8.73,7.576,42.343,10.164
Brazil,1994,1706.03,3056.79,1021746200000.0,159432720.0,6335.552,0.958,4807.108,179.162,8.985,8.004,43.666,10.086
Brazil,1995,1726.08,2243.69,1066874000000.0,162019890.0,6528.491,43.187,4942.128,190.347,9.603,7.514,45.583,11.528
Brazil,1996,1735.71,2040.99,1090425650000.0,164614690.0,6820.701,40.954,5103.937,206.282,10.608,7.821,46.468,13.884
Brazil,1997,1766.32,1999.91,1127443900000.0,167209040.0,7162.566,52.645,5237.717,219.832,11.863,8.604,47.044,15.267
Brazil,1998,1800.62,2084.71,1131255700000.0,169785250.0,7302.218,53.417,5356.075,229.578,12.411,9.463,45.591,16.175
Brazil,1999,1810.51,3020.6,1136549300000.0,172318670.0,7367.763,64.109,5317.034,235.469,14.069,10.123,46.805,16.439
Brazil,2000,1807.03,2757.05,1186420500000.0,174790340.0,7334.648,96.084,5349.714,239.488,18.443,10.737,50.46,16.047
Brazil,2001,1901.78,3399.84,1202910500000.0,177196050.0,7462.85,222.389,4674.266,241.795,23.185,11.721,49.427,15.227
Brazil,2002,1935.36,3810.05,1239641000000.0,179537520.0,7345.299,211.306,4929.479,239.219,29.293,11.218,48.689,14.39
Brazil,2003,1948.37,3489.7,1253783100000.0,181809250.0,7210.959,200.166,5137.103,232.434,30.919,11.199,51.933,13.096
Brazil,2004,1995.86,2981.94,1326000600000.0,184006480.0,7512.861,170.815,5320.681,239.768,38.215,10.84,53.832,13.273
Brazil,2005,2004.36,2247.97,1368460900000.0,186127100.0,7556.786,142.423,5520.577,240.221,39.62,13.877,50.949,14.349
Brazil,2006,1994.55,1800.72,1422679200000.0,188167360.0,7627.152,195.38,5580.398,242.249,42.052,12.882,50.838,15.44
Brazil,2007,2029.48,1452.66,1509033900000.0,190130450.0,7852.38,172.535,6051.149,256.003,43.246,13.469,54.989,17.2
Brazil,2008,2030.84,1197.55,1585907100000.0,192030370.0,8245.678,192.02,6113.883,267.239,51.303,14.207,55.315,18.884
Brazil,2009,2008.85,1205.06,1583911800000.0,193886510.0,7695.322,175.319,6425.38,262.705,40.958,18.434,43.586,19.031
Brazil,2010,2104.61,952.8,1703152300000.0,195713630.0,8711.048,193.482,6681.251,286.08,55.049,15.214,56.689,21.288
Brazil,2011,1270.59,485.66,1770842800000.0,197514540.0,9088.141,205.456,6855.265,303.885,53.1,14.12,62.292,22.845
Brazil,2012,1311.58,532.04,1804863400000.0,199287300.0,9465.298,207.294,6619.196,327.734,63.397,14.761,61.016,24.998
Brazil,2013,1335.02,539.88,1859096700000.0,201035900.0,10136.376,196.756,6427.952,342.339,74.704,16.634,65.604,26.652
Brazil,2014,1372.79,558.96,1868465700000.0,202763740.0,10442.735,193.017,6353.726,356.753,81.286,17.642,69.034,26.908
Brazil,2015,1354.28,751.46,1802214300000.0,204471760.0,10016.564,182.294,6420.413,330.358,80.464,17.604,69.452,25.082
Brazil,2016,1443.98,804.13,1743175300000.0,206163060.0,9206.175,193.515,6658.975,312.94,69.666,17.505,63.831,22.415
Brazil,2017,1461.43,708.46,1766235300000.0,207833820.0,9299.423,189.324,6634.846,317.819,70.688,17.505,67.322,21.031
Brazil,2018,1420.58,753.43,1797739000000.0,209469310.0,8858.949,185.973,7046.457,305.903,67.417,17.505,65.828,20.64
Canada,1990,626.36,1054.61,,27691138.0,69575.92,7308.302,30221.557,212.889,125.321,11.71,99.152,5.823
Canada,1991,622.29,1019.61,,28037420.0,66580.82,8400.267,31002.084,200.786,124.862,11.852,104.17,4.771
Canada,1992,638.22,1077.37,,28371264.0,67995.05,7875.702,31464.648,203.785,132.129,12.914,106.927,4.804
Canada,1993,636.25,1102.35,,28684764.0,67578.65,9076.748,31826.73,206.897,137.34,13.018,98.918,4.893
Canada,1994,656.82,1136.1,,29000664.0,68864.99,10306.517,32112.723,212.18,140.362,14.178,102.541,5.769
Canada,1995,672.53,1113.4,,29302312.0,70718.27,9254.588,32503.992,214.874,147.53,14.455,104.352,6.529
Canada,1996,696.88,1108.73,,29610218.0,71601.336,8686.772,34153.027,221.515,154.2,15.601,106.283,6.186
Canada,1997,709.57,1086.93,933745200000.0,29905948.0,73233.19,7654.234,33334.555,229.521,152.77,15.709,113.173,6.657
Canada,1998,726.1,1149.23,959857750000.0,30155172.0,73575.26,6568.58,31451.895,232.639,149.484,17.329,119.353,6.828
Canada,1999,723.75,1070.5,997968800000.0,30401286.0,74932.62,6689.845,32460.984,235.503,162.378,15.777,119.696,7.119
Canada,2000,739.69,996.49,1047046460000.0,30685730.0,76517.65,6565.187,33233.605,237.665,173.189,15.759,129.349,7.232
Canada,2001,962.37,1306.9,1061763000000.0,31020902.0,75087.586,6806.6,30523.553,241.582,165.583,15.227,126.825,6.983
Canada,2002,981.04,1294.33,1098098100000.0,31360080.0,76534.84,6595.847,31637.947,242.477,172.158,15.756,124.207,7.148
Canada,2003,1000.48,1121.13,1139947600000.0,31644028.0,77747.27,6434.675,29959.445,258.366,175.184,15.3,123.323,7.248
Canada,2004,995.19,972.62,1184565400000.0,31940656.0,76961.625,7637.133,29708.783,267.37,171.315,15.811,115.671,7.52
Canada,2005,1006.64,860.85,1243744700000.0,32243752.0,75415.64,7643.783,31167.271,261.125,171.842,15.53,116.765,7.614
Canada,2006,992.64,754.62,1295556800000.0,32571174.0,73384.54,7991.942,30083.85,259.315,171.446,15.898,114.091,7.729
Canada,2007,1023.93,698.94,1384543600000.0,32889024.0,75704.984,7488.75,30809.373,266.591,182.849,15.87,118.793,7.731
Canada,2008,999.57,645.24,1398494600000.0,33247118.0,73541.81,7550.168,31077.451,257.766,184.155,15.126,112.632,6.988
Canada,2009,962.46,701.93,1357541000000.0,33628896.0,67714.41,6955.13,30164.842,253.651,177.77,14.213,93.379,5.364
Canada,2010,975.84,604.81,1399482200000.0,34004890.0,70338.84,6874.07,28588.883,259.87,180.145,14.506,96.049,6.006
Canada,2011,825.24,461.38,1443522300000.0,34339330.0,72237.65,6973.159,30207.807,262.234,197.435,14.724,87.054,6.02
Canada,2012,830.07,453.91,1468960300000.0,34714224.0,69917.48,6948.143,30265.87,264.178,198.953,15.512,81.577,6.532
Canada,2013,841.21,455.4,1503174200000.0,35082950.0,71087.59,7450.756,30707.65,264.355,205.109,16.58,79.249,5.973
Canada,2014,848.12,470.26,1546315900000.0,35437436.0,72032.51,7602.093,29656.863,257.521,211.549,16.756,76.346,5.912
Canada,2015,844.67,542.8,1556508800000.0,35702908.0,70583.54,7099.155,30212.17,258.91,211.835,16.131,77.67,6.221
Canada,2016,731.11,478.4,1572095700000.0,36109490.0,69072.84,6962.013,30369.309,257.009,206.869,14.331,72.957,6.151
Canada,2017,745.74,452.0,1619885400000.0,36545296.0,69276.875,6846.54,30576.562,260.723,212.052,15.345,72.209,6.854
Canada,2018,763.44,444.83,1659241400000.0,37065176.0,71165.32,6705.749,29640.32,267.812,226.647,15.645,60.252,6.979
China,1990,2873.71,7963.54,1027377460000.0,1135185000.0,6474.958,0.0,299.312,330.292,29.301,,1976.684,84.513
China,1991,3023.38,7886.26,1122541200000.0,1150780000.0,6730.858,0.0,290.526,356.027,30.777,,2049.92,101.305
China,1992,3154.54,7389.13,1282217500000.0,1164970000.0,7007.914,0.0,301.401,385.793,30.239,,2114.715,122.445
China,1993,3377.79,7595.13,1460237000000.0,1178440000.0,7441.644,3.656,346.829,428.549,35.728,,2228.745,142.774
China,1994,3528.81,6253.15,1650605300000.0,1191835000.0,7782.61,33.324,380.025,423.712,41.568,,2380.586,164.377
China,1995,3918.3,5334.3,1831411900000.0,1204855000.0,7910.112,28.726,434.752,468.229,42.436,,2569.754,184.637
China,1996,3954.75,4578.6,2013134700000.0,1217550000.0,8281.665,31.821,420.796,510.623,44.47,,2660.401,192.853
China,1997,3963.61,4121.88,2199083500000.0,1230075000.0,8243.434,31.735,437.823,557.961,44.159,,2609.556,202.874
China,1998,4103.23,3987.44,2371622500000.0,1241935000.0,8185.071,30.792,440.563,559.262,50.501,,2444.771,211.368
China,1999,4053.37,3705.09,2553328200000.0,1252735000.0,8428.182,32.403,432.628,596.751,54.571,,2378.49,228.322
China,2000,4249.7,3508.24,2770108000000.0,1262645000.0,8616.094,36.025,485.493,648.685,59.797,,2396.426,244.388
China,2001,4459.91,3329.78,3001017000000.0,1271850000.0,8954.523,37.116,596.405,659.301,67.157,,2428.857,270.829
China,2002,4769.03,3243.02,3275118600000.0,1280400000.0,9713.995,52.699,611.502,653.086,53.993,,2778.77,296.59
China,2003,5386.89,3244.55,3603876000000.0,1288400000.0,11325.399,89.773,596.261,727.099,60.746,,3319.28,345.186
China,2004,6135.95,3138.03,3968358400000.0,1296075000.0,13132.342,103.259,735.486,839.093,71.521,,3835.288,379.992
China,2005,6862.81,3002.14,4420537000000.0,1303720000.0,14849.716,107.306,823.615,850.172,84.957,,4424.39,411.649
China,2006,7547.54,2742.44,4982871400000.0,1311020000.0,16191.771,109.528,900.013,898.534,103.753,,4905.375,470.087
China,2007,8165.43,2299.9,5691976700000.0,1317885000.0,17470.92,122.61,998.242,927.351,129.516,,5289.903,514.98
China,2008,8455.65,1840.46,6241291000000.0,1324655000.0,17734.152,133.383,1309.142,970.117,149.674,,5729.474,525.925
China,2009,9046.19,1773.17,6827893000000.0,1331260000.0,18473.225,135.012,1293.615,982.348,164.404,,6028.5,583.56
China,2010,9872.37,1621.84,7554099000000.0,1337705000.0,19509.326,142.372,1511.048,1092.572,199.585,,6568.794,639.592
China,2011,10364.83,1372.55,8275578000000.0,1344130000.0,21039.467,164.167,1507.158,1123.858,245.99,,7309.786,708.564
China,2012,10690.04,1252.9,8926348000000.0,1350695000.0,21427.629,182.953,1877.702,1176.712,277.599,,7464.806,714.782
China,2013,11144.76,1164.5,9619582000000.0,1357380000.0,21986.078,205.096,2031.559,1234.622,320.128,,7493.455,748.323
China,2014,11155.76,1064.92,10333908000000.0,1364270000.0,22038.47,242.257,2371.355,1263.073,353.591,,7425.069,778.627
China,2015,11149.68,1007.96,11061553000000.0,1371220000.0,21925.02,308.169,2522.11,1327.578,366.649,,7266.979,721.995
China,2016,11207.66,997.72,11819132000000.0,1378665000.0,21832.572,379.124,2726.705,1335.304,402.761,,7071.406,743.044
China,2017,11408.26,926.72,12640231000000.0,1386395000.0,22186.39,436.482,2951.805,1390.825,464.453,,7137.264,758.185
China,2018,11705.81,842.46,13493419000000.0,1392730000.0,22686.756,513.563,3216.635,1495.472,519.833,,7316.4,786.745
France,1990,477.92,376.56,1660423100000.0,58235716.0,28257.297,15396.049,2734.264,233.624,59.025,54.545,80.229,10.797
France,1991,502.72,396.06,1677827200000.0,58559308.0,30009.17,16171.586,2913.974,245.042,66.719,4.406,85.815,10.249
France,1992,487.97,348.19,1704661500000.0,58851216.0,29357.72,16451.008,3456.941,243.445,67.716,4.403,77.783,9.209
France,1993,469.18,354.68,1693944800000.0,59106760.0,27994.809,17827.18,3244.492,239.557,67.985,4.203,62.974,8.456
France,1994,463.44,332.46,1733893800000.0,59327200.0,26945.809,17364.129,3924.36,234.055,67.437,4.464,61.692,8.628
France,1995,472.18,294.91,1770421600000.0,59541904.0,27424.178,18128.52,3656.456,236.789,68.595,4.345,62.844,8.487
France,1996,490.93,305.74,1795437600000.0,59753096.0,28526.572,19025.771,3324.221,243.902,75.67,4.515,65.213,8.293
France,1997,480.98,331.06,1837384300000.0,59964840.0,27905.441,18868.875,3229.694,241.628,74.981,4.461,61.191,7.968
France,1998,497.02,330.66,1903321800000.0,60186284.0,29411.574,18440.744,3129.187,247.938,76.809,4.377,71.184,8.531
France,1999,486.59,325.99,1968441500000.0,60496708.0,29347.754,18655.0,3620.868,247.528,80.508,4.071,66.279,8.232
France,2000,483.67,355.05,2045676700000.0,60912500.0,29140.186,19541.281,3329.194,238.852,84.029,4.213,65.577,8.394
France,2001,447.09,324.81,2086257300000.0,61357430.0,29055.652,19568.594,3675.663,248.92,88.273,4.175,56.032,8.482
France,2002,439.49,294.11,2109947400000.0,61805264.0,28385.447,20025.229,3009.317,242.824,87.62,3.929,58.493,8.465
France,2003,444.36,241.44,2127315600000.0,62244880.0,28715.566,19943.47,2910.826,244.72,91.185,3.892,59.117,8.38
France,2004,441.98,208.9,2187513400000.0,62704900.0,28702.219,19990.646,2916.229,244.827,92.598,3.917,58.171,8.87
France,2005,442.64,201.55,2223896500000.0,63179356.0,28510.959,19871.676,2587.616,241.966,94.211,3.921,61.991,8.906
France,2006,432.32,186.46,2278367000000.0,63621376.0,27820.838,19563.67,2840.119,236.612,91.783,4.218,59.438,9.095
France,2007,425.14,160.0,2333611400000.0,64016228.0,27077.158,18879.145,3092.219,226.955,88.79,4.515,61.339,9.251
France,2008,418.88,143.53,2339560800000.0,64374980.0,26711.85,18647.33,3556.371,222.322,91.65,4.79,56.14,8.66
France,2009,400.59,148.91,2272337900000.0,64707036.0,25385.379,17186.984,3372.104,217.444,90.131,4.506,45.182,7.473
France,2010,404.32,153.0,2316635700000.0,65027504.0,25603.941,17768.93,3681.379,215.87,95.812,4.108,49.075,7.676
France,2011,392.42,137.14,2367432700000.0,65342788.0,23783.1,18133.453,3070.873,208.338,87.516,3.877,41.909,7.835
France,2012,395.28,147.28,2374845900000.0,65659816.0,23613.057,17238.432,3831.87,204.318,90.326,3.306,46.53,7.29
France,2013,396.16,140.93,2388532700000.0,65998684.0,23500.412,16977.127,4356.782,202.678,91.072,3.051,49.317,7.099
France,2014,363.05,127.29,2411371400000.0,66312068.0,21259.9,17303.809,4149.449,196.893,75.915,2.957,39.107,6.766
France,2015,369.04,151.36,2438208000000.0,66548270.0,21577.36,17168.938,4021.45,198.025,80.972,2.857,37.617,6.407
France,2016,368.04,148.93,2464917500000.0,66724104.0,21956.293,15679.358,4295.035,196.115,88.66,2.868,35.684,6.437
France,2017,370.47,142.75,2521399300000.0,66918020.0,22182.34,15358.49,4013.051,195.622,88.818,2.816,39.679,6.291
France,2018,361.37,129.62,2568425000000.0,67101930.0,21615.604,15826.257,4748.822,189.588,84.468,2.905,34.868,6.496
Germany,1990,1109.28,626.12,2341197600000.0,79433030.0,46852.41,5358.507,662.066,331.191,122.3,3.841,568.912,15.297
Germany,1991,1079.69,577.7,2460792000000.0,80013896.0,45544.848,5150.832,608.805,352.78,130.162,3.619,503.853,13.742
Germany,1992,1032.01,484.15,2508115000000.0,80624600.0,43742.516,5516.445,711.805,354.502,129.383,3.539,454.136,14.444
Germany,1993,1024.31,494.52,2483614400000.0,81156360.0,43426.664,5301.436,732.755,361.483,136.303,3.318,430.617,14.531
Germany,1994,1011.41,458.67,2543020000000.0,81438350.0,42759.2,5195.902,793.459,350.531,142.162,3.22,418.041,15.34
Germany,1995,1004.79,388.58,2582287700000.0,81678050.0,42673.008,5275.588,862.8,350.835,152.984,3.059,405.932,15.563
Germany,1996,1032.92,413.62,2603096500000.0,81914830.0,43999.223,5520.208,791.187,360.487,169.971,3.213,400.629,14.811
Germany,1997,994.92,449.79,2649748100000.0,82034770.0,42958.535,5812.525,837.49,352.854,162.892,3.239,386.881,15.275
Germany,1998,968.6,432.6,2703112300000.0,82047190.0,42773.395,5514.407,926.508,351.74,165.393,3.167,377.496,15.545
Germany,1999,934.16,425.74,2754127000000.0,82100240.0,41686.723,5802.11,1034.455,341.248,165.641,3.113,360.069,15.771
Germany,2000,924.72,475.89,2834341000000.0,82211500.0,41667.535,5787.744,1368.251,331.623,166.434,2.992,373.476,15.252
Germany,2001,973.21,500.59,2881999600000.0,82349930.0,42482.68,5803.984,1366.874,340.234,173.813,2.968,376.536,13.504
Germany,2002,954.76,461.54,2876294000000.0,82488500.0,41798.727,5543.466,1604.746,325.52,173.623,2.966,375.802,12.823
Germany,2003,953.66,382.06,2856156700000.0,82534180.0,41721.51,5509.876,1621.043,320.98,174.873,3.002,379.536,13.507
Germany,2004,933.79,332.4,2889719000000.0,82516260.0,41236.723,5539.113,2010.252,311.614,173.357,2.928,375.99,14.069
Germany,2005,909.39,319.56,2910863200000.0,82469420.0,40540.887,5374.246,2305.89,305.215,173.429,2.953,363.237,13.049
Germany,2006,915.88,306.09,3021954600000.0,82376450.0,41248.773,5490.666,2743.272,304.938,178.396,3.069,369.594,13.341
Germany,2007,886.8,259.21,3111901700000.0,82266370.0,39544.65,4592.802,3333.484,271.174,174.44,2.988,379.384,14.449
Germany,2008,889.47,238.46,3141772200000.0,82110100.0,39793.336,4844.628,3430.778,293.273,179.834,2.944,356.219,13.578
Germany,2009,832.31,244.95,2962885000000.0,81902300.0,37310.684,4375.631,3480.239,282.105,167.412,2.575,317.946,12.559
Germany,2010,862.97,254.09,3086730000000.0,81776930.0,38780.746,4534.137,3789.152,282.159,184.004,2.582,343.447,12.432
Germany,2011,823.34,219.89,3207890200000.0,80274984.0,37507.07,3460.519,4387.986,271.429,168.41,2.672,344.695,13.393
Germany,2012,837.46,237.42,3221315000000.0,80425820.0,37698.57,3163.833,4999.46,271.887,168.062,2.657,349.767,13.289
Germany,2013,854.7,228.97,3235411100000.0,80645610.0,38773.582,3068.545,5196.642,280.302,170.537,2.689,356.836,12.503
Germany,2014,814.43,209.69,3306899000000.0,80982500.0,36380.18,3034.804,5487.443,271.274,152.271,2.478,344.849,12.904
Germany,2015,818.22,243.79,3356235700000.0,81686610.0,36450.004,2839.054,6221.666,273.469,157.455,2.374,341.011,12.626
Germany,2016,820.7,236.68,3431080000000.0,82348670.0,37254.59,2589.449,6184.376,278.132,169.468,2.344,329.443,12.663
Germany,2017,803.18,218.1,3523040500000.0,82657000.0,37084.855,2308.441,6928.746,279.511,171.376,2.267,310.736,13.408
Germany,2018,776.61,195.93,3561301700000.0,82905784.0,35518.383,2272.526,7119.751,264.941,169.548,2.007,295.659,13.228
India,1990,1009.44,3144.89,465242720000.0,873277800.0,2388.118,20.341,211.416,158.167,21.097,9.87,367.036,22.348
India,1991,1064.49,3941.01,470159560000.0,891273200.0,2459.162,16.873,231.027,166.422,23.563,7.834,393.603,24.503
India,1992,1096.71,3805.27,495935550000.0,909307000.0,2556.267,19.562,214.659,188.055,27.256,3.565,412.0,25.157
India,1993,1128.44,4040.3,519496340000.0,927403840.0,2572.693,18.651,212.898,186.879,26.997,3.701,433.739,26.602
India,1994,1174.78,3589.57,554089200000.0,945601860.0,2644.8,14.527,237.308,198.954,29.0,4.056,456.366,28.54
India,1995,1240.44,3442.96,596058640000.0,963922560.0,2811.669,21.943,221.843,216.281,39.051,3.29,472.395,31.104
India,1996,1289.63,3282.37,641058200000.0,982365250.0,2896.082,23.756,199.909,243.161,39.747,3.715,505.217,34.079
India,1997,1348.09,3241.62,667020000000.0,1000900030.0,3004.009,27.952,200.339,244.202,46.023,3.569,528.474,37.418
India,1998,1382.26,3280.53,708271200000.0,1019483600.0,3099.297,30.983,234.352,262.892,47.596,3.312,524.872,39.027
India,1999,1460.24,3182.6,770923200000.0,1038058200.0,3130.83,34.059,228.492,300.51,42.315,3.005,561.326,44.592
India,2000,1498.2,3198.58,800534300000.0,1056575550.0,3254.799,41.456,211.294,312.286,43.873,3.11,573.692,45.957
India,2001,1747.49,3599.79,839151800000.0,1075000000.0,3220.975,48.491,195.901,316.116,43.569,3.225,582.912,46.74
India,2002,1769.79,3436.9,871072900000.0,1093317200.0,3332.873,48.534,182.817,324.587,47.134,2.744,599.45,49.111
India,2003,1817.42,2990.65,939542600000.0,1111523200.0,3412.974,44.465,183.219,329.937,49.988,2.03,626.782,50.88
India,2004,1905.13,2686.51,1013981900000.0,1129623400.0,3530.437,50.937,262.01,347.518,49.584,1.902,670.922,55.545
India,2005,1977.76,2410.78,1094324060000.0,1147610000.0,3715.215,41.55,252.272,351.646,50.439,1.685,722.496,59.686
India,2006,2073.67,2205.42,1182534600000.0,1165486300.0,3816.085,40.437,292.96,368.892,49.442,1.839,774.667,64.906
India,2007,2219.62,1824.24,1273126500000.0,1183209500.0,4085.208,40.032,318.684,391.027,52.696,2.419,843.677,68.333
India,2008,2317.48,1933.0,1312424000000.0,1200669800.0,4288.694,33.486,305.984,412.317,63.046,2.114,912.093,73.245
India,2009,2467.78,1839.03,1415605300000.0,1217726200.0,4584.164,36.229,289.571,431.61,112.685,1.905,985.348,81.268
India,2010,2576.93,1537.89,1535897500000.0,1234281200.0,4725.888,48.76,301.345,438.373,134.244,1.865,1017.376,86.029
India,2011,2610.32,1431.84,1616398800000.0,1250288000.0,4878.241,66.79,360.518,458.909,136.364,2.077,1091.465,91.315
India,2012,2758.53,1509.34,1704595800000.0,1265780200.0,5106.992,67.437,336.762,488.554,125.605,2.078,1247.112,100.237
India,2013,2816.49,1516.92,1813453100000.0,1280842100.0,5212.588,66.579,376.177,495.643,110.689,2.121,1320.665,107.82
India,2014,2988.34,1465.5,1947834100000.0,1295600800.0,5508.084,68.132,397.351,511.166,109.468,1.675,1447.722,115.824
India,2015,3002.17,1427.17,2103587800000.0,1310152400.0,5642.015,73.968,383.997,554.789,106.871,1.674,1487.726,117.508
India,2016,3073.24,1339.22,2277266400000.0,1324517200.0,5837.032,71.954,396.761,613.165,113.622,1.884,1530.271,123.282
India,2017,3202.82,1207.36,2432015500000.0,1338676700.0,5992.306,69.872,439.8,631.088,118.922,1.575,1561.223,121.047
India,2018,3346.63,1233.48,2590898700000.0,1352642300.0,6283.857,71.753,483.233,655.19,126.201,1.678,1677.771,138.965
Indonesia,1990,1257.1,11843.63,269915110000.0,181413390.0,3255.363,0.0,116.675,82.475,44.064,9.08,6.947,7.718
Indonesia,1991,1274.43,10927.86,288571600000.0,184591900.0,3467.365,0.0,127.317,103.458,43.494,11.061,13.52,9.088
Indonesia,1992,1295.01,10115.17,307321570000.0,187739790.0,3720.566,0.0,158.778,117.107,52.375,11.809,12.509,9.777
Indonesia,1993,1311.27,8298.78,327286420000.0,190851180.0,3886.8,0.0,145.3,117.418,57.659,12.601,21.31,10.775
Indonesia,1994,1327.87,7506.68,351963700000.0,193917460.0,4105.062,0.0,137.328,113.471,60.309,9.889,26.648,12.538
Indonesia,1995,1360.88,6732.64,380895170000.0,196934260.0,4302.051,0.0,148.184,113.862,64.575,9.618,25.175,13.312
Indonesia,1996,1179.0,5185.38,410674270000.0,199901230.0,4521.065,0.0,155.177,124.631,78.992,9.618,27.561,14.266
Indonesia,1997,2142.82,9932.0,429975440000.0,202826450.0,4887.186,0.0,117.698,143.869,82.042,9.424,29.389,16.01
Indonesia,1998,1373.56,14391.04,373533740000.0,205724590.0,4663.155,0.0,184.308,113.174,48.027,9.618,32.075,13.077
Indonesia,1999,1261.56,9011.05,376488900000.0,208615170.0,5026.349,0.0,190.682,106.054,83.653,2.993,37.168,14.081
Indonesia,2000,1191.82,7222.24,395012370000.0,211513820.0,5400.706,0.0,195.527,154.979,48.593,3.804,50.906,16.447
Indonesia,2001,1019.35,6353.2,409404540000.0,214427420.0,5615.214,0.0,227.671,149.855,61.162,9.233,64.628,18.461
Indonesia,2002,1500.98,7671.32,427825600000.0,217357800.0,5816.211,0.0,204.062,156.843,59.764,9.409,66.665,18.137
Indonesia,2003,1167.69,4973.73,448277220000.0,220309470.0,6204.479,0.0,190.449,162.448,62.662,8.032,89.49,17.811
Indonesia,2004,1517.02,5906.56,470829500000.0,223285660.0,6080.162,0.0,198.093,173.895,61.886,7.35,82.216,19.047
Indonesia,2005,1242.7,4347.1,497631800000.0,226289470.0,6141.946,0.0,206.119,174.754,54.45,7.034,94.222,18.526
Indonesia,2006,1655.23,4540.22,525006270000.0,229318260.0,6165.156,0.0,190.041,152.5,57.426,6.094,111.641,19.047
Indonesia,2007,1100.24,2545.58,558318000000.0,232374240.0,6519.207,0.0,211.243,166.224,57.078,5.32,140.066,19.567
Indonesia,2008,1087.94,2132.27,591893600000.0,235469760.0,6331.852,0.0,224.298,158.304,60.313,5.291,121.844,20.541
Indonesia,2009,1483.61,2749.56,619291600000.0,238620560.0,6467.072,0.0,235.594,181.26,64.541,8.445,128.275,19.437
Indonesia,2010,1125.25,1490.21,657835400000.0,241834220.0,6962.791,0.0,298.076,195.674,73.73,10.014,153.077,19.437
Indonesia,2011,1675.72,1876.57,698422460000.0,245115980.0,7572.907,0.0,244.972,211.329,81.553,9.537,181.281,21.061
Indonesia,2012,1695.27,1846.96,740537660000.0,248451710.0,7869.966,0.0,256.406,218.777,80.062,12.245,187.171,23.272
Indonesia,2013,1636.17,1793.02,781691300000.0,251805310.0,8044.244,0.0,306.826,229.408,64.754,12.927,164.219,24.767
Indonesia,2014,2016.28,2263.41,820828050000.0,255128080.0,7402.398,0.0,318.763,220.593,62.415,16.898,173.584,25.482
Indonesia,2015,2070.24,2404.87,860854200000.0,258383260.0,7368.314,0.0,267.722,219.406,94.252,15.495,197.816,24.507
Indonesia,2016,1453.23,1559.47,904181650000.0,261556380.0,7362.038,0.0,390.277,219.143,91.186,15.48,206.328,28.71
Indonesia,2017,1466.05,1443.51,950021700000.0,264650980.0,7559.452,0.0,388.507,226.62,84.338,11.044,221.093,32.081
Indonesia,2018,1703.86,1634.81,999178600000.0,267670540.0,8116.423,0.0,419.524,222.595,84.148,11.09,262.222,34.829
Iran,1990,240.54,1927.21,187893630000.0,56366212.0,14595.216,0.0,363.744,139.287,40.014,21.819,2.693,6.13
Iran,1991,280.88,,211186550000.0,57679024.0,15599.069,0.0,270.029,143.967,49.617,22.314,3.843,6.27
Iran,1992,301.84,,217231500000.0,58780376.0,16653.096,0.0,434.956,142.942,52.647,21.734,3.386,6.226
Iran,1993,300.14,4708.54,219465400000.0,59723760.0,15030.506,0.0,489.893,146.528,60.69,17.697,4.133,6.559
Iran,1994,332.67,4630.66,216230410000.0,60590610.0,16866.006,0.0,316.145,157.266,73.287,22.314,4.173,6.78
Iran,1995,349.89,3628.79,221169290000.0,61442656.0,17573.541,0.0,376.275,156.607,81.575,22.504,3.909,6.986
Iran,1996,364.14,3024.32,232663730000.0,62294920.0,18750.098,0.0,393.023,158.269,81.247,23.084,4.089,7.081
Iran,1997,381.58,3349.58,233823140000.0,63136308.0,19271.87,0.0,261.385,143.211,90.915,21.159,4.196,7.565
Iran,1998,389.67,3533.59,238906930000.0,63971836.0,19610.201,0.0,325.143,174.869,98.652,19.236,4.884,7.862
Iran,1999,427.53,3755.28,241139560000.0,64800876.0,20782.922,0.0,221.962,227.718,114.287,24.043,4.975,8.478
Iran,2000,446.36,4072.9,255147110000.0,65623396.0,21630.807,0.0,161.592,210.118,120.448,24.139,5.328,9.117
Iran,2001,439.25,3461.98,257325300000.0,66449110.0,22533.66,0.0,172.593,227.461,127.654,25.582,4.14,9.922
Iran,2002,463.93,3606.75,276077000000.0,67284800.0,24052.285,0.0,327.733,217.924,143.816,20.775,4.665,10.447
Iran,2003,493.23,3212.25,300128760000.0,68122940.0,24220.67,0.0,384.545,210.79,158.468,28.469,5.188,10.749
Iran,2004,530.16,2789.68,313286230000.0,68951280.0,26184.969,0.0,470.306,221.593,178.9,25.139,4.994,11.32
Iran,2005,569.0,2512.66,323279450000.0,69762344.0,27695.037,0.0,559.818,222.824,200.162,23.083,6.086,11.344
Iran,2006,617.12,2317.39,339442760000.0,70554750.0,29821.139,0.0,705.959,233.358,221.538,30.452,5.983,12.305
Iran,2007,655.51,1873.52,367126940000.0,71336480.0,31642.691,0.0,673.968,225.181,236.521,30.191,6.577,14.19
Iran,2008,669.06,1622.6,368047900000.0,72120610.0,32919.387,0.0,279.418,233.944,246.875,32.339,5.859,15.628
Iran,2009,693.31,1665.01,371755550000.0,72924830.0,33677.473,0.0,250.068,232.919,261.065,42.894,4.393,17.753
Iran,2010,699.33,1436.57,393309720000.0,73762520.0,33278.5,0.0,370.156,227.533,277.22,38.01,5.448,21.56
Iran,2011,750.7,1292.61,403715600000.0,74634960.0,34369.44,3.858,379.17,223.694,293.263,32.009,5.313,23.058
Iran,2012,761.05,1270.82,373660750000.0,75539880.0,34119.875,50.389,434.053,245.122,292.274,37.146,4.129,24.068
Iran,2013,781.95,1698.82,372935600000.0,76481960.0,35138.562,144.687,497.283,246.587,294.933,39.739,4.119,24.831
Iran,2014,794.19,1835.49,390103370000.0,77465770.0,36243.0,136.007,484.534,241.032,335.007,38.722,3.59,23.491
Iran,2015,786.5,2043.13,384951500000.0,78492210.0,35613.723,114.318,435.486,218.898,356.769,27.758,4.302,20.9
Iran,2016,796.03,1904.44,436520520000.0,79563990.0,36979.35,204.624,496.647,189.703,380.704,43.741,3.451,19.762
Iran,2017,814.79,1829.57,452912700000.0,80673890.0,38162.742,215.609,546.908,212.925,399.502,76.211,4.709,18.91
Iran,2018,828.34,1824.55,425620300000.0,81800210.0,39606.504,209.203,361.036,213.821,409.099,60.225,4.92,19.091
Italy,1990,456.75,386.67,1558620800000.0,56719240.0,30313.43,0.0,1699.492,256.165,88.992,4.048,69.58,15.846
Italy,1991,454.34,364.58,1582599400000.0,56758520.0,30498.363,0.0,2215.824,253.652,94.755,3.98,65.966,15.692
Italy,1992,451.12,341.71,1595802600000.0,56797090.0,30435.05,0.0,2224.699,261.299,94.458,3.956,58.065,16.427
Italy,1993,444.81,417.68,1582193600000.0,56831820.0,29911.156,0.0,2196.215,259.335,96.873,4.18,52.079,14.065
Italy,1994,439.52,399.85,1616226800000.0,56843400.0,29697.258,0.0,2342.072,255.512,92.793,4.07,54.773,13.791
Italy,1995,464.51,395.44,1662884800000.0,56844304.0,31366.088,0.0,2014.206,264.199,102.913,4.002,58.416,15.311
Italy,1996,460.76,351.07,1683949900000.0,56860280.0,31239.807,0.0,2249.954,261.84,106.19,3.851,53.525,13.987
Italy,1997,464.54,374.06,1714769800000.0,56890372.0,31800.207,0.0,2255.555,262.769,109.923,4.012,54.146,14.233
Italy,1998,475.84,374.66,1745817600000.0,56906744.0,32785.47,0.0,2275.221,265.487,118.555,3.887,54.867,14.538
Italy,1999,483.07,385.83,1774199900000.0,56916316.0,33706.074,0.0,2515.917,260.378,129.051,3.109,53.94,15.277
Italy,2000,488.0,426.63,1841388000000.0,56942108.0,34219.492,0.0,2493.005,255.591,134.813,3.262,56.032,15.862
Italy,2001,485.95,416.41,1877320300000.0,56974100.0,34145.355,0.0,2637.076,251.793,135.107,3.07,59.024,16.395
Italy,2002,494.23,388.94,1882087600000.0,57059010.0,33974.395,0.0,2316.763,257.677,135.865,2.843,60.016,16.289
Italy,2003,512.77,325.74,1884696700000.0,57313204.0,35013.004,0.0,2218.013,255.95,149.024,3.384,65.126,16.938
Italy,2004,523.88,290.52,1911527200000.0,57685330.0,35092.133,0.0,2564.076,248.803,154.662,2.646,72.217,17.408
Italy,2005,525.16,282.72,1927160500000.0,57969484.0,35211.977,0.0,2268.795,239.416,165.66,2.557,71.265,17.403
Italy,2006,512.76,263.23,1961669000000.0,58143980.0,34788.39,0.0,2349.101,237.474,162.584,2.591,70.787,17.474
Italy,2007,506.06,228.96,1990840500000.0,58438310.0,34124.066,0.0,2191.06,230.018,163.513,2.527,70.675,17.914
Italy,2008,491.14,204.74,1971688400000.0,58826732.0,32964.2,0.0,2741.789,219.441,167.142,2.596,68.139,16.127
Italy,2009,442.26,201.83,1867564700000.0,59095364.0,29937.283,0.0,3292.735,198.742,154.034,2.232,52.388,13.341
Italy,2010,450.75,211.22,1899561600000.0,59277416.0,30457.477,0.0,3650.998,193.787,164.347,2.377,58.218,13.276
Italy,2011,439.93,191.94,1912998000000.0,59379450.0,29296.434,0.0,3871.756,186.434,153.0,2.615,65.439,12.583
Italy,2012,422.08,202.23,1855973200000.0,59539716.0,27848.143,0.0,4260.053,172.402,147.714,2.528,66.959,10.072
Italy,2013,390.27,182.26,1821803500000.0,60233948.0,25431.184,0.0,5010.942,159.32,137.701,2.701,57.782,8.877
Italy,2014,370.58,171.63,1821720700000.0,60789140.0,23358.87,0.0,5291.623,158.005,121.589,2.502,55.837,8.339
Italy,2015,381.49,207.79,1835899300000.0,60730584.0,24459.432,0.0,4743.923,161.657,132.757,2.574,53.063,8.196
Italy,2016,398.64,212.52,1859645900000.0,60627496.0,24789.271,0.0,4656.562,155.91,140.758,2.189,48.559,7.68
Italy,2017,393.01,200.33,1890662200000.0,60536708.0,25267.322,0.0,4463.296,148.862,148.751,2.351,42.04,7.712
Italy,2018,386.78,184.93,1908467300000.0,60421760.0,25031.385,0.0,4883.847,152.699,143.665,2.295,39.424,7.756
Japan,1990,1109.37,354.11,3520159000000.0,123478000.0,34980.06,4341.0,2191.706,670.55,118.872,1.525,317.909,38.701
Japan,1991,1123.86,313.54,3640460600000.0,123964000.0,35392.836,4640.236,2358.386,672.952,126.994,0.215,317.769,40.347
Japan,1992,1137.15,290.92,3671334000000.0,124425000.0,35932.9,4810.269,2036.977,686.492,128.435,0.208,312.121,41.666
Japan,1993,1129.63,253.61,3652319400000.0,124829000.0,35476.76,5473.489,2301.713,671.911,131.218,0.212,317.584,41.224
Japan,1994,1186.79,241.85,3688589400000.0,125178000.0,37388.06,5690.909,1718.073,711.884,137.667,0.231,325.23,42.297
Japan,1995,1201.85,220.56,3785636200000.0,125472000.0,38087.094,6306.434,2047.171,709.194,142.649,0.522,335.138,42.142
Japan,1996,1215.95,251.56,3904273000000.0,125757000.0,38687.62,6503.387,2028.371,706.12,148.449,0.57,343.969,42.56
Japan,1997,1203.81,272.68,3942583000000.0,126057000.0,38710.492,7030.359,2254.195,691.903,153.033,0.581,349.465,39.926
Japan,1998,1156.66,286.83,3892499200000.0,126400000.0,37432.47,7123.23,2303.259,676.069,156.331,0.498,327.323,35.363
Japan,1999,1182.31,259.16,3879501000000.0,126631000.0,38492.8,6920.887,2193.261,685.549,165.804,0.54,345.193,35.01
Japan,2000,1198.54,245.23,3986755400000.0,126843000.0,38908.516,6951.237,2200.724,676.304,170.604,0.511,372.048,35.085
Japan,2001,1153.99,268.15,4002148500000.0,127149000.0,38470.78,6926.432,2124.52,654.634,169.623,0.548,381.113,34.375
Japan,2002,1185.65,288.12,4003828000000.0,127445000.0,38461.766,6737.483,2114.922,665.588,173.419,0.525,398.258,32.417
Japan,2003,1193.4,268.44,4065291700000.0,127718000.0,39786.36,4894.772,2385.596,655.73,178.652,0.506,411.672,31.935
Japan,2004,1185.28,246.16,4154163700000.0,127761000.0,39165.19,6036.009,2373.987,644.61,177.565,0.477,419.646,31.276
Japan,2005,1186.26,249.45,4229100700000.0,127773000.0,40076.414,6142.452,2154.558,641.72,176.001,0.508,430.175,32.28
Japan,2006,1164.29,257.0,4287139000000.0,127854000.0,39477.17,6333.413,2382.454,604.922,192.654,0.553,427.282,31.991
Japan,2007,1200.21,265.81,4350758600000.0,128001000.0,39808.81,5767.719,2103.606,607.542,209.122,0.616,444.764,30.658
Japan,2008,1133.32,224.96,4297492800000.0,128063000.0,39742.89,5169.968,2094.658,562.91,204.485,0.565,426.082,28.553
Japan,2009,1073.57,205.22,4052826200000.0,128047000.0,35264.336,5604.872,1984.91,515.912,202.177,0.501,411.06,25.308
Japan,2010,1130.13,198.27,4218907800000.0,128070000.0,37315.49,5930.167,2398.334,521.744,213.341,0.474,445.734,24.321
Japan,2011,1235.29,200.62,4219912300000.0,127833000.0,37772.48,3285.788,2288.779,552.341,247.923,0.478,430.265,24.983
Japan,2012,1277.48,205.94,4277925600000.0,127629000.0,40477.727,360.848,2232.896,564.169,257.022,0.49,449.801,25.625
Japan,2013,1289.0,250.01,4363702200000.0,127445000.0,40028.08,291.371,2405.333,541.441,256.491,0.438,480.985,26.805
Japan,2014,1251.32,257.98,4376627800000.0,127276000.0,39011.69,0.0,2658.675,496.795,258.549,0.449,472.225,26.558
Japan,2015,1215.33,276.87,4444930400000.0,127141000.0,37998.297,89.43,3044.241,476.371,246.428,0.425,465.629,25.936
Japan,2016,1225.67,248.99,4478437700000.0,126994510.0,37356.97,347.961,2797.594,460.902,251.596,0.457,456.358,25.969
Japan,2017,1203.32,247.25,4553466400000.0,126785800.0,37382.176,570.065,3158.677,448.76,245.717,0.436,458.309,26.429
Japan,2018,1154.72,233.05,4578913300000.0,126529100.0,36666.254,959.475,3473.436,432.718,233.969,0.414,441.801,26.183
Mexico,1990,417.45,1597.88,626274300000.0,83943140.0,14026.401,97.189,979.731,235.642,52.923,1.847,15.895,10.736
Mexico,1991,435.45,1390.58,652670200000.0,85512620.0,14339.584,137.796,924.512,246.532,55.268,1.868,15.509,10.955
Mexico,1992,438.32,1206.96,675781940000.0,87075140.0,14203.842,125.02,1058.578,248.72,55.612,1.891,14.807,11.751
Mexico,1993,458.0,914.66,688899900000.0,88625440.0,14001.414,154.553,1039.327,249.797,55.066,2.612,18.202,12.389
Mexico,1994,483.6,916.24,722939000000.0,90156400.0,14850.146,130.607,816.482,258.052,56.902,2.492,20.248,13.836
Mexico,1995,464.6,1290.28,677457200000.0,91663290.0,14005.138,255.859,1031.106,237.244,56.921,4.133,22.266,11.033
Mexico,1996,490.56,1193.65,723343200000.0,93147050.0,14168.251,234.934,1119.284,236.842,62.745,8.709,25.197,12.272
Mexico,1997,518.59,1036.32,772869400000.0,94611010.0,14290.46,306.988,947.252,252.201,65.772,12.19,25.574,12.907
Mexico,1998,554.43,1053.05,812779770000.0,96056310.0,14835.58,267.928,889.341,264.275,71.088,13.315,26.267,13.413
Mexico,1999,533.02,888.02,835160100000.0,97484824.0,14566.347,285.001,1105.479,271.403,69.803,9.405,26.004,13.901
Mexico,2000,559.46,790.3,876437500000.0,98899850.0,15123.696,230.901,1108.29,263.874,81.201,9.725,26.699,14.567
Mexico,2001,463.07,611.95,872893300000.0,100298150.0,14839.673,240.1,955.028,275.577,82.887,7.536,30.639,14.059
Mexico,2002,469.03,607.46,872545500000.0,101684770.0,15223.695,262.818,843.907,265.359,92.171,5.189,34.701,14.548
Mexico,2003,492.69,675.54,885165850000.0,103081020.0,15248.361,277.548,717.852,273.195,101.903,5.551,42.458,14.65
Mexico,2004,497.06,635.43,919869600000.0,104514936.0,15796.091,238.129,849.764,276.736,105.647,3.246,37.882,15.346
Mexico,2005,521.72,594.57,941098400000.0,106005200.0,16521.287,274.174,919.985,291.123,105.516,3.873,46.808,16.673
Mexico,2006,543.9,557.62,983401500000.0,107560150.0,16788.074,270.035,953.749,284.689,117.937,5.833,50.288,17.818
Mexico,2007,565.29,537.0,1005935600000.0,109170504.0,16703.48,253.548,881.394,286.65,117.274,11.05,45.841,18.973
Mexico,2008,595.78,536.75,1017439300000.0,110815270.0,16570.912,233.543,1138.339,288.397,118.567,26.594,40.783,18.638
Mexico,2009,580.11,644.53,963660100000.0,112463890.0,16470.432,244.96,823.931,272.741,123.432,21.053,40.814,17.863
Mexico,2010,584.23,552.31,1012981370000.0,114092960.0,16601.826,134.358,1058.648,259.678,124.122,11.882,51.054,17.046
Mexico,2011,680.75,576.67,1050086900000.0,115695470.0,17140.727,225.989,1024.666,272.513,130.707,7.134,56.041,17.77
Mexico,2012,674.16,561.29,1088334500000.0,117274160.0,17116.365,192.612,942.592,290.158,135.727,2.781,49.223,18.412
Mexico,2013,668.85,524.82,1103071500000.0,118827160.0,16970.836,254.24,864.516,277.694,142.276,2.745,49.977,17.437
Mexico,2014,659.98,501.75,1134506500000.0,120355140.0,16430.404,204.625,1129.981,269.275,138.503,6.148,48.943,18.259
Mexico,2015,684.99,584.53,1171867600000.0,121858250.0,16285.966,240.341,999.343,258.874,147.977,11.849,44.115,19.16
Mexico,2016,698.62,647.77,1202694000000.0,123333380.0,16309.492,215.468,1009.83,251.592,151.455,14.612,47.621,17.518
Mexico,2017,694.58,599.34,1228108500000.0,124777330.0,16310.487,218.046,1048.039,245.84,143.252,4.269,48.529,17.96
Mexico,2018,695.26,568.79,1255065400000.0,126190780.0,15857.96,268.838,1116.305,239.268,149.181,,45.995,20.863
South Africa,1990,319.52,2765.12,169231170000.0,36800508.0,27246.785,637.74,76.236,40.616,3.444,,265.098,3.816
South Africa,1991,315.46,2545.21,167508030000.0,37718950.0,26258.592,673.401,145.815,41.238,3.492,,277.713,3.626
South Africa,1992,312.42,2322.08,163928300000.0,38672612.0,25818.025,667.133,54.014,34.753,3.517,,259.668,3.429
South Africa,1993,320.86,2388.97,165950370000.0,39633750.0,25337.865,508.472,10.233,23.157,3.925,,289.723,3.587
South Africa,1994,326.81,2338.51,171260790000.0,40564060.0,25604.443,664.04,73.546,31.646,3.924,,299.202,3.853
South Africa,1995,337.33,2169.89,176569860000.0,41435760.0,26158.082,757.595,35.463,33.767,3.924,,319.53,4.418
South Africa,1996,347.87,2356.75,184162370000.0,42241010.0,26094.553,774.327,90.683,31.65,3.532,,324.11,4.381
South Africa,1997,361.36,2368.25,188950600000.0,42987456.0,26124.305,817.237,144.617,44.243,3.155,,333.296,4.767
South Africa,1998,368.91,2677.63,189895340000.0,43682260.0,25204.42,864.901,116.117,44.587,2.656,,325.821,4.248
South Africa,1999,347.85,2545.93,194452830000.0,44338550.0,25813.502,804.221,57.825,30.69,3.474,,336.747,3.921
South Africa,2000,351.05,2574.38,202619860000.0,44967710.0,25432.766,803.659,98.082,33.302,3.198,,337.883,3.871
South Africa,2001,384.62,3165.2,208090580000.0,45571270.0,25342.459,649.134,130.499,25.886,4.155,,337.693,3.783
South Africa,2002,400.28,3466.14,215790730000.0,46150910.0,24256.479,712.413,151.899,22.449,4.122,,325.528,4.258
South Africa,2003,421.83,2406.95,222154570000.0,46719204.0,26079.658,738.427,73.225,39.744,2.47,,357.445,4.515
South Africa,2004,449.33,1965.64,232272700000.0,47291610.0,28147.32,765.024,77.809,54.238,6.364,,384.086,4.39
South Africa,2005,449.65,1744.37,244529870000.0,47880596.0,26390.79,634.403,100.348,27.832,6.313,,376.718,5.062
South Africa,2006,452.0,1664.0,258232830000.0,48489464.0,26586.188,552.684,183.771,53.08,6.126,,382.016,5.4
South Africa,2007,472.37,1577.63,272075340000.0,49119770.0,26901.955,611.987,179.979,59.328,7.893,,392.172,5.408
South Africa,2008,504.1,1757.84,280757400000.0,49779470.0,28516.273,689.595,93.248,63.234,8.119,,418.3,4.989
South Africa,2009,483.46,1633.68,276439100000.0,50477012.0,28046.814,665.571,101.557,77.115,7.039,,412.674,5.432
South Africa,2010,506.27,1348.81,284842100000.0,51216970.0,27911.996,688.635,81.494,46.324,8.867,,406.92,4.819
South Africa,2011,490.65,1178.27,294196800000.0,52003760.0,27032.389,642.933,179.053,60.233,8.8,,400.482,4.433
South Africa,2012,509.55,1285.65,300708430000.0,52832660.0,26294.43,632.199,76.255,49.456,9.256,,398.014,4.414
South Africa,2013,519.44,1416.02,308181630000.0,53687124.0,25907.201,672.691,88.777,49.501,9.383,,392.323,4.659
South Africa,2014,531.53,1514.73,313873700000.0,54544184.0,25730.316,643.6,206.049,53.681,9.043,,413.226,4.678
South Africa,2015,507.48,1597.75,317620520000.0,55386370.0,24419.395,558.927,321.503,48.944,9.966,,386.456,5.205
South Africa,2016,508.24,1714.96,318888100000.0,56207650.0,25075.617,711.981,385.68,58.935,7.815,,392.81,5.208
South Africa,2017,521.36,1491.5,323398830000.0,57009750.0,24383.752,690.947,504.19,56.612,7.339,,394.639,5.609
South Africa,2018,520.5,1413.3,325944150000.0,57792520.0,24400.021,476.943,559.766,49.758,9.12,,399.306,6.009
United Kingdom,1990,746.4,682.78,1751765700000.0,57247584.0,40339.758,3196.63,278.196,218.74,110.889,119.225,252.443,7.295
United Kingdom,1991,761.64,666.47,1732441700000.0,57424896.0,40938.668,3420.309,253.705,219.414,119.413,7.025,253.409,5.994
United Kingdom,1992,739.51,626.89,1739390200000.0,57580400.0,40185.38,3713.974,305.456,219.476,119.975,7.26,237.511,5.457
United Kingdom,1993,722.61,680.81,1782698100000.0,57718616.0,39998.547,4308.93,275.748,220.279,135.017,7.582,207.437,5.525
United Kingdom,1994,711.75,624.07,1851260800000.0,57865744.0,39338.805,4245.416,335.649,217.395,144.591,7.752,195.119,6.368
United Kingdom,1995,702.55,523.68,1898128600000.0,58019030.0,39355.71,4265.733,320.568,213.054,153.003,9.166,181.411,6.284
United Kingdom,1996,722.68,510.6,1945422500000.0,58166950.0,41133.305,4525.161,271.906,218.005,177.596,9.465,172.798,6.417
United Kingdom,1997,701.07,449.67,2042213000000.0,58316950.0,39957.523,4675.734,341.723,208.687,181.564,7.621,154.497,6.71
United Kingdom,1998,697.42,422.64,2117933600000.0,58487140.0,40158.45,4723.126,410.605,205.889,190.108,7.215,153.845,6.839
United Kingdom,1999,671.25,398.98,2187723800000.0,58682464.0,39949.316,4500.62,454.907,202.539,204.259,6.19,138.056,6.53
United Kingdom,2000,673.87,406.48,2264430300000.0,58892510.0,40652.016,4010.075,467.397,199.054,208.901,5.874,144.183,6.332
United Kingdom,2001,684.64,417.4,2326256700000.0,59119670.0,40822.234,4205.274,445.657,199.793,208.116,6.107,153.357,5.844
United Kingdom,2002,666.82,373.68,2376939900000.0,59370480.0,39725.242,4060.189,514.694,196.904,206.736,5.791,141.54,5.988
United Kingdom,2003,674.47,328.53,2455899000000.0,59647576.0,40202.0,4056.571,492.267,195.637,207.549,5.491,152.886,5.868
United Kingdom,2004,669.83,277.14,2512047800000.0,59987904.0,40494.973,3616.96,642.689,199.206,210.678,5.465,147.311,5.977
United Kingdom,2005,663.91,261.52,2586296200000.0,60401210.0,40519.38,3641.563,769.958,201.613,204.383,6.013,147.747,5.941
United Kingdom,2006,661.01,243.58,2655965700000.0,60846820.0,39846.215,3315.902,830.65,198.159,193.454,5.142,160.622,5.893
United Kingdom,2007,645.52,208.17,2718662000000.0,61322464.0,38606.668,2724.256,917.374,197.196,195.643,5.33,150.612,6.117
United Kingdom,2008,625.56,214.04,2711082800000.0,61806996.0,37713.55,2229.457,1080.232,189.944,201.549,4.626,139.044,5.204
United Kingdom,2009,570.73,236.73,2599550200000.0,62276270.0,34442.676,2885.212,1238.053,181.601,186.768,4.821,113.713,3.722
United Kingdom,2010,583.6,235.78,2653466100000.0,62766364.0,35282.64,2553.116,1288.784,180.855,200.986,4.695,117.874,3.792
United Kingdom,2011,540.98,203.43,2687316800000.0,63258810.0,32248.96,2792.172,1621.223,172.927,167.433,4.396,117.028,4.096
United Kingdom,2012,562.45,207.94,2725756000000.0,63700216.0,32201.34,2810.485,1811.174,171.058,157.604,3.72,147.925,3.724
United Kingdom,2013,543.71,195.16,2785344000000.0,64128270.0,31320.213,2781.773,2283.008,166.442,157.031,4.124,142.362,4.03
United Kingdom,2014,502.84,164.12,2865080800000.0,64602296.0,28853.402,2479.754,2720.874,167.152,143.883,4.344,115.343,4.214
United Kingdom,2015,486.78,166.22,2932784800000.0,65116220.0,28135.629,2702.035,3370.369,171.464,147.23,4.606,91.469,4.394
United Kingdom,2016,464.28,172.32,2983298600000.0,65611590.0,27530.076,2720.691,3326.571,174.919,164.81,4.525,47.756,4.553
United Kingdom,2017,450.24,168.87,3035217300000.0,66058860.0,26763.55,2635.233,3868.351,175.865,160.881,4.49,39.062,4.41
United Kingdom,2018,441.13,154.2,3073236000000.0,66460344.0,26244.336,2408.456,4297.396,174.564,162.477,4.572,32.894,4.364
United States,1990,5543.47,929.62,9804841000000.0,249623000.0,78587.19,6690.193,3958.532,2138.355,1033.674,41.757,1841.987,33.484
United States,1991,5501.92,893.44,9794225000000.0,252981000.0,77312.86,7036.75,3914.568,2076.07,1056.686,41.137,1827.638,32.736
United States,1992,5583.8,856.37,10139221000000.0,256514000.0,78147.19,7040.28,3544.732,2128.09,1091.239,40.963,1850.697,32.993
United States,1993,5691.26,829.8,10418231000000.0,259919000.0,78974.32,6875.756,3847.521,2141.496,1119.019,40.819,1908.247,34.838
United States,1994,5782.2,793.47,10837960000000.0,263126000.0,79674.36,7140.884,3608.281,2190.663,1145.894,40.965,1920.743,36.311
United States,1995,5843.9,764.93,11128874000000.0,266278000.0,79837.625,7425.645,4085.088,2180.865,1194.544,39.411,1942.302,37.075
United States,1996,6010.62,744.52,11548718000000.0,269394000.0,81551.19,7352.347,4395.635,2267.652,1215.071,38.031,2024.058,37.309
United States,1997,6258.47,729.63,12054757000000.0,272657000.0,81613.27,6764.99,4460.686,2290.998,1223.335,38.183,2067.227,38.561
United States,1998,6293.8,694.46,12594980000000.0,275854000.0,81045.69,7158.683,4069.056,2330.846,1200.763,35.863,2094.976,39.461
United States,1999,6291.25,653.25,13193649000000.0,279040000.0,81132.01,7644.642,3993.018,2394.437,1204.715,35.835,2100.317,40.238
United States,2000,6446.2,628.76,13738214000000.0,282162400.0,82440.03,7824.923,3545.591,2469.14,1257.599,36.182,2179.839,41.446
United States,2001,6406.04,605.38,13875369000000.0,284968960.0,79913.84,7847.405,2904.0,2481.984,1204.74,35.931,2115.06,41.613
United States,2002,6246.95,571.21,14117035000000.0,287625180.0,79857.76,7837.19,3427.357,2476.571,1244.766,36.572,2119.322,43.164
United States,2003,6306.12,550.36,14520953000000.0,290107940.0,79498.8,7557.186,3552.38,2537.209,1211.115,36.43,2158.577,43.349
United States,2004,6387.22,522.96,15072589000000.0,292805300.0,80378.49,7685.512,3526.31,2596.285,1217.622,36.824,2190.331,45.886
United States,2005,6401.12,491.01,15602121000000.0,295516600.0,79705.38,7505.759,3598.05,2608.477,1199.296,37.245,2214.838,46.194
United States,2006,6306.81,456.53,16047557000000.0,298379900.0,77867.29,7438.734,3933.222,2570.893,1182.916,37.823,2183.111,46.85
United States,2007,6397.67,442.69,16348637000000.0,301231200.0,78429.586,7500.825,3699.545,2551.51,1257.55,38.376,2208.713,45.509
United States,2008,6220.21,422.78,16326308000000.0,304093950.0,75092.87,7381.565,4112.739,2363.676,1266.646,39.846,2174.329,41.416
United States,2009,5793.66,400.98,15912149000000.0,306771520.0,69849.164,7202.115,4497.078,2233.033,1245.742,39.071,1905.943,29.615
United States,2010,6041.59,402.98,16320100000000.0,309327140.0,71759.24,7167.383,4648.846,2250.504,1308.832,41.343,2013.304,31.449
United States,2011,5796.78,372.96,16573198000000.0,311583500.0,69794.35,6918.088,5384.592,2201.747,1327.527,45.542,1903.555,32.208
United States,2012,5550.87,342.71,16946019000000.0,313877660.0,67499.8,6642.088,5188.684,2152.124,1388.255,48.883,1684.036,35.271
United States,2013,5690.79,339.04,17258179000000.0,316059940.0,68678.23,6720.565,5454.616,2184.125,1427.507,54.648,1740.833,36.369
United States,2014,5711.15,325.84,17694116000000.0,318386340.0,68848.07,6701.202,5563.348,2201.176,1455.804,59.753,1734.526,39.439
United States,2015,5586.69,306.55,18238300000000.0,320739000.0,67534.87,6615.637,5621.134,2239.49,1495.321,61.546,1504.945,39.907
United States,2016,5676.92,303.34,18550436000000.0,323071740.0,66340.21,6602.753,6187.854,2246.524,1502.475,51.909,1379.744,39.439
United States,2017,5613.64,287.59,18983158000000.0,325122100.0,65618.914,6516.112,6759.386,2265.326,1480.059,56.186,1338.667,40.324
United States,2018,5794.35,281.55,19551980000000.0,326838200.0,67859.2,6455.254,6873.904,2316.81,1641.041,71.008,1283.532,38.97
