Country,Year,ghg_pergdp,gdp_percapita,population,fossilfuels_percapita,nuclear_percapita,renewables_percapita,yearly_oil_co2,yearly_gas_co2,yearly_flaring_co2,yearly_coal_co2,yearly_cement_co2
Canada,1990,2.1119700639672208,-0.7298560036628104,-0.9101896606496203,1.1954144451396655,0.07209497411731684,2.3258185049762363,-0.5417667839509406,-0.4613922711678902,0.029509361913057364,-0.5441651064876759,-0.9278091835820436
Canada,1991,1.9843464993056388,-0.7298560036628104,-0.9058140094728575,1.0344688004687523,0.2768915821699299,2.4022354427489914,-0.5584029637872833,-0.46263408229475267,0.03856347419052793,-0.536607120887342,-1.0088270920851117
Canada,1992,2.1949618448728665,-0.7298560036628104,-0.9015955260071989,1.1104643128265852,0.1785101022661611,2.4475224403850975,-0.5542806880433196,-0.44297342552152935,0.10627803220935728,-0.5324545967143408,-1.0062856557917645
Canada,1993,2.2860486061656182,-0.7298560036628104,-0.8976341111952391,1.088088510201975,0.4037647092500466,2.4829718196668322,-0.5500030881382797,-0.42887521684597313,0.11290921303229355,-0.5445175514120437,-0.9994314791218281
Canada,1994,2.4091141863750005,-0.7298560036628104,-0.893642369762709,1.1572116849093255,0.6344062773298421,2.5109717598155314,-0.5427413399704372,-0.4206992838930791,0.18687238374965898,-0.5390606797839032,-0.9319678975166117
Canada,1995,2.326341188723061,-0.7298560036628104,-0.8898307179119974,1.2568001274841012,0.43711836873187676,2.549278671460367,-0.5390383020063697,-0.4013064687354535,0.20453427882613326,-0.5363329970572782,-0.8734378495486157
Canada,1996,2.309312558809644,-0.7298560036628104,-0.8859399893981494,1.3042528424709008,0.330625220326935,2.7107262638948324,-0.5299099148054153,-0.38326097806841075,0.277604790586565,-0.5334245733437977,-0.8998533843552244
Canada,1997,2.2298213099632878,-0.7298560036628104,-0.8822031179393268,1.3919426671975577,0.1369740684260691,2.6305943480319054,-0.5189052667206628,-0.38712980140482317,0.28449101682576794,-0.5230470283485208,-0.863580157259269
Canada,1998,2.456991255060903,-0.7233875189912046,-0.8790539005705998,1.4103242493392485,-0.06663891982790571,2.4462738670398885,-0.5146194195150348,-0.396019978665978,0.38778441041381284,-0.5137388675254712,-0.85041089646647
Canada,1999,2.169911162323579,-0.7139468192991484,-0.8759439814476948,1.4832637773184518,-0.0438958276266903,2.5450680039757945,-0.5106827080343039,-0.36113563733751486,0.2888267889023031,-0.513222249538043,-0.8280000491524083
Canada,2000,1.90004201887776,-0.7017895197849959,-0.8723497209221027,1.568437452712508,-0.06727527254170379,2.620710910472206,-0.5077109307223835,-0.33188679182006364,0.2876790845291027,-0.498683143320422,-0.8192975551782194
Canada,2001,3.03191718192352,-0.6981440039924336,-0.8681144567263954,1.4915910795027103,-0.021998580028843435,2.3553852073960386,-0.5023268179884369,-0.35246460321639456,0.2537580441656213,-0.5024847287439458,-0.8384738472098391
Canada,2002,2.986082090272203,-0.6891432347304786,-0.8638285723465199,1.56936118001106,-0.061525029628338355,2.4644891550523425,-0.5010965956507086,-0.3346761322814911,0.2874878004669026,-0.506427894607173,-0.8257666657431032
Canada,2003,2.354527764575462,-0.6787764628424643,-0.8602405793225123,1.6345127034888596,-0.09175262750286332,2.300156617055008,-0.4792563691432601,-0.32648937744513856,0.25841262301249,-0.5077593532103406,-0.818065343642051
Canada,2004,1.813002747778561,-0.6677239399988212,-0.8564923606531596,1.5922950342933466,0.1337667982348928,2.275615733195776,-0.466879920060683,-0.3369568442203692,0.2909946749405708,-0.5192846034721489,-0.7971177475271894
Canada,2005,1.4054460100007042,-0.6530643071814072,-0.8526624117413707,1.509219493417729,0.1350139970403032,2.418407957857205,-0.47546398542282137,-0.33553106107471226,0.2730777344478296,-0.5176368481419845,-0.7898785047522003
Canada,2006,1.0180902593149945,-0.6402296443601313,-0.8485250772579208,1.400075658857583,0.20031076228734832,2.312336399616815,-0.4779519211002386,-0.33660242753710345,0.2965419127443732,-0.5216643597990774,-0.7810219843359906
Canada,2007,0.815059399876227,-0.618186230301556,-0.8445086954461777,1.5247677744806853,0.10593776058929898,2.3833682101034515,-0.467950694587041,-0.3057519432677948,0.2947565948305057,-0.5145823254641294,-0.7808679578939695
Canada,2008,0.6192483878097428,-0.6147303506707436,-0.8399837867518428,1.408526769517459,0.11745662618789904,2.409614194988337,-0.48008109920207237,-0.3022185983185957,0.24731814740488514,-0.5238618689642602,-0.8380887811047866
Canada,2009,0.8259620986858874,-0.6248751941979775,-0.8351596048568494,1.0953837526715169,0.0058580272745541615,2.320265863458669,-0.48573737285542695,-0.3194930297892206,0.18910403114199317,-0.5528602541303077,-0.9631582520258727
Canada,2010,0.47182493868780684,-0.6144857067940759,-0.8304085101174297,1.2364109565190295,-0.009344669742973773,2.165972724546865,-0.47718904579583715,-0.3130675364857384,0.2077861078835347,-0.5488387671727767,-0.9137157641371182
France,1990,-0.36046302228379407,-0.549846588368452,-0.5242255658672728,-1.0248962007985136,1.5889413495851175,-0.36530525976540373,-0.5132654876684845,-0.6407541676090097,2.760726963359909,-0.5726664539398713,-0.5447454222757119
France,1991,-0.28935846482948424,-0.5455353221737259,-0.5201366276158158,-0.930756996976749,1.7343922999537638,-0.3477108807277255,-0.49757087464928584,-0.6199382747765919,-0.43620356819007816,-0.5642529610017556,-0.5869486673894775
France,1992,-0.4639110374109105,-0.538888048804282,-0.516448051300251,-0.9657635210396738,1.7867975307214878,-0.29455208487356577,-0.4997660311558247,-0.6172409203245617,-0.43639485225227825,-0.5763505577219391,-0.6670424172404193
France,1993,-0.4402459821350915,-0.5415427420334075,-0.5132189738306895,-1.0390013393175541,2.044896790035642,-0.31535175229427526,-0.5051102819369285,-0.6165131486619777,-0.44914712306561705,-0.5986555016747775,-0.7250333726613417
France,1994,-0.5212687137573871,-0.5316467535471822,-0.5104334737313324,-1.0953707364194167,1.9580521804049573,-0.24878976193431626,-0.5126730565762376,-0.6179957466957917,-0.43250540965420986,-0.6005864178843486,-0.7117870986475321
France,1995,-0.6581905667014555,-0.5225982494988421,-0.5077204542551377,-1.069664947933029,2.1014127130465208,-0.27501871147363044,-0.5089150366082494,-0.6148628114345571,-0.4400930107881465,-0.5988513044105375,-0.7226459628100155
France,1996,-0.6187001894076004,-0.5164013973130199,-0.5050518127337105,-1.0104263538923133,2.269690964979335,-0.30754594156423776,-0.4991378617610293,-0.5957216050673415,-0.42925358059680846,-0.5952831760950352,-0.7375865276860567
France,1997,-0.5263736563438504,-0.5060105474735961,-0.5023761960895521,-1.0438036465436737,2.240265325314123,-0.31680053990208545,-0.5022635886839281,-0.5975856744930675,-0.43269669371640995,-0.6013410115044696,-0.762615824514476
France,1998,-0.5278322113685541,-0.4896768034296782,-0.4995780093539232,-0.9628696053947513,2.1599699160270363,-0.32664060586357857,-0.49359017756541834,-0.5926400737525347,-0.43805264745801226,-0.586289805824092,-0.7192573810855526
France,1999,-0.5448608412819709,-0.47354564116212605,-0.4956554631606605,-0.9662990571803003,2.2001533486965092,-0.27850292916431485,-0.4941537431056067,-0.5826325370242902,-0.4575636218024208,-0.5936775936618036,-0.7422843341676985
France,2000,-0.43889681873724046,-0.4544132811548342,-0.4904014772356383,-0.9774529971399184,2.3663741914721275,-0.3070590635554771,-0.5060793397560331,-0.5731065741099487,-0.4485095095249501,-0.5947349284349073,-0.729808192363994
France,2001,-0.5491635786048471,-0.4443608355275566,-0.4847793008647122,-0.9819955430070385,2.371496708911552,-0.2731382638737379,-0.4922403693691622,-0.561624555760484,-0.45093244097948454,-0.6091113677643586,-0.7230310289150682
France,2002,-0.6611076767508631,-0.43849242938879157,-0.47912042928289633,-1.018009891705469,2.457138006130881,-0.3383763924934071,-0.5006196267666955,-0.5633912282350835,-0.4666177340798913,-0.6054046713589337,-0.724340253672247
France,2003,-0.853162909628735,-0.4341900561822919,-0.473565401104349,-1.0002705122947257,2.441804212577266,-0.3480190834165609,-0.4980134797808484,-0.5537462246026986,-0.46897690418035903,-0.604464818227286,-0.7308863774581412
France,2004,-0.9718163608883883,-0.4192781250777313,-0.46775254610658884,-1.0009877309249626,2.45065200969667,-0.3474901065652974,-0.4978664029203603,-0.5499233942709847,-0.4673828703286917,-0.6058896596736623,-0.6931498991629861
France,2005,-0.9986173094673205,-0.4102654654694012,-0.46175727648609993,-1.0112653390181012,2.4283393417448402,-0.3796627273360311,-0.501798990750797,-0.5455594697663461,-0.46712782491242494,-0.6001360715921008,-0.6903774232066072
France,2006,-1.053641297774271,-0.39677227563138445,-0.456171871142615,-1.048349900216704,2.3705732191494704,-0.35494160168831607,-0.5091583319755991,-0.5521283530256533,-0.44819070275461664,-0.603981336087448,-0.6758219244356187
France,2007,-1.1501247126584269,-0.3830873787296242,-0.4511824849820663,-1.0883125248465546,2.2421914503865388,-0.3302599314674119,-0.5224323622721835,-0.5602258273234733,-0.42925358059680846,-0.6011180976206815,-0.6638078619579775
France,2008,-1.2101807158006055,-0.3816136198395406,-0.4466492617392585,-1.1079428315352935,2.1987148502247056,-0.28481746182689976,-0.5288006528763127,-0.5524881806506484,-0.4117192082284675,-0.6089487008761887,-0.7093226755751953
France,2009,-1.1905631507183394,-0.39826577745076164,-0.44245337160592463,-1.1792224984019328,1.9248288672644445,-0.3028579906908242,-0.535505708254457,-0.5565977908940124,-0.4298274327834087,-0.6254533653258615,-0.800737368914684
France,2010,-1.1756494255907433,-0.3872925235829525,-0.43840390850557637,-1.1674777813672548,2.0339720786950175,-0.27257864298130363,-0.5376692501087413,-0.5412280109120828,-0.45520445170195306,-0.6195898264772964,-0.7851036850495481
Germany,1990,0.5495294576289016,-0.38120815902814975,-0.256374358041544,-0.02566330389574311,-0.29358652885937614,-0.568182323107003,-0.3791547582549137,-0.4695654986499196,-0.47222873323776043,0.16337561005533088,-0.1981859277283673
Germany,1991,0.3729713718885077,-0.35158276651727305,-0.2490344818815315,-0.09592687073397557,-0.33253570358322376,-0.5733968032245578,-0.349479596188748,-0.4482950867122449,-0.4863837538405666,0.0653853778568221,-0.31794148639972747
Germany,1992,0.031851815485908194,-0.3398601235691733,-0.2413175700112821,-0.19277755540260644,-0.2639654634565348,-0.5633126618808325,-0.3471126209199566,-0.4504026485157871,-0.49148466216590214,-0.009497119172232431,-0.2638782052503417
Germany,1993,0.06966485450135401,-0.34592930316079284,-0.23459820178031615,-0.20975027877097427,-0.30429012029149227,-0.5612615671123758,-0.33751688668567514,-0.4316807901325883,-0.5055759214146416,-0.044920846420987065,-0.2571780550224264
Germany,1994,-0.061058139587723194,-0.33121361231453134,-0.23103495022425688,-0.2456173362230215,-0.3240828840103151,-0.5553183854023808,-0.3525709593591962,-0.4158294363367557,-0.5118245341131775,-0.0638625018434259,-0.19487435922491494
Germany,1995,-0.3166334437914452,-0.3214863924321677,-0.2280060789948253,-0.25024897690462633,-0.30913787889634126,-0.5485296043837861,-0.352153096129398,-0.3865508306397936,-0.5220901121179153,-0.08210077359201934,-0.1777004109395687
Germany,1996,-0.22532789924498778,-0.3163317291061229,-0.22501410515375392,-0.178983066535278,-0.2632597177264959,-0.555540823937652,-0.3388859385833036,-0.340592997062424,-0.5122708635916444,-0.09008801903613456,-0.23561435313948056
Germany,1997,-0.09343806113614735,-0.3047754023779448,-0.22349853229076677,-0.23490580736572872,-0.20843604656843162,-0.5510075618343656,-0.3493778794814945,-0.35974502531309804,-0.5106130683859104,-0.11079491143019383,-0.1998802185905988
Germany,1998,-0.15611946332279278,-0.2915562602523192,-0.22334159202931686,-0.2448545491955087,-0.2643476876919372,-0.5422923182019799,-0.3509091282906894,-0.35297864268067314,-0.5152038858787125,-0.12493036277717126,-0.17908664891775813
Germany,1999,-0.18113368199646288,-0.2789191258101996,-0.2226712473538002,-0.3032483008518243,-0.21038936620126597,-0.5317238443609011,-0.365330907919121,-0.3523076859062464,-0.5186469989983139,-0.1511784725932368,-0.16168166096938033
Germany,2000,0.0017326542257749308,-0.2590488707241131,-0.2212653557685413,-0.3042793933128255,-0.21308369071833733,-0.4990437856815797,-0.3785609526125688,-0.3501622475105995,-0.5263621228403839,-0.13098518583682486,-0.20165152267384073
Germany,2001,0.09179842700123403,-0.24724309443760747,-0.21951614156624588,-0.26047650274981543,-0.21003789995144043,-0.49917859988187396,-0.36672470171851385,-0.33019857800053826,-0.5278923953379846,-0.1263762906720139,-0.3362706330002316
Germany,2002,-0.050593007285473474,-0.24865646027672753,-0.21776515831108387,-0.2972296183418176,-0.2588977102353329,-0.47588991182639234,-0.3869498318607882,-0.3307126174648168,-0.5280199180461179,-0.1274818230416123,-0.38871663650839633
Germany,2003,-0.3404078906941169,-0.2536447826112957,-0.217187941632901,-0.3013789755734804,-0.2651974708178491,-0.4742943656955313,-0.3931902893058014,-0.32733077888403667,-0.525724509299717,-0.12185776600063059,-0.3360395933372
Germany,2004,-0.5214874970110928,-0.24533087902494213,-0.21741438039982386,-0.3274296437458549,-0.2597141096939722,-0.43618913687757055,-0.40606432552386196,-0.3314322727148068,-0.5304428495006523,-0.12719866216220563,-0.2927581631292871
Germany,2005,-0.5683071133040843,-0.24009313190360135,-0.2180062549446156,-0.3648213079992118,-0.2906346999874433,-0.40724490990110235,-0.41486007160109545,-0.33123747881255383,-0.528848815648985,-0.14640691054025604,-0.37131164856001864
Germany,2006,-0.6174239537609847,-0.21257406470996343,-0.21918103240894707,-0.3267821211194702,-0.2688002812015983,-0.3644233379671098,-0.4152408219782471,-0.317799405027966,-0.5214524985772485,-0.13683215676159485,-0.3488237880249465
Germany,2007,-0.788366602656269,-0.19029276940922127,-0.22057201340575902,-0.41835541577859053,-0.43719350048294103,-0.3066390541732967,-0.4616511314878129,-0.3285022477684189,-0.5266171682566507,-0.12208670458398065,-0.2634931391452892
Germany,2008,-0.8640291445627781,-0.18289338208844252,-0.222546655487625,-0.40499194591426846,-0.3899638634346315,-0.2971135546791569,-0.43127494887165674,-0.3139089379246365,-0.5294226678355853,-0.15697724592151208,-0.330571654645453
Germany,2009,-0.8403640892869592,-0.22720652313159925,-0.22517243538531329,-0.5384005221332706,-0.47792363759117606,-0.29227111084418606,-0.44662592436635024,-0.3475162970049971,-0.5529506074861955,-0.21462307750412973,-0.409048126855174
Germany,2010,-0.8070361069724775,-0.1965281909060977,-0.22675662222734014,-0.4594048036944164,-0.44819604453097056,-0.26202720448579586,-0.44655169866105715,-0.302627124419154,-0.5525042780077286,-0.17621411162248124,-0.4188288059235101
Italy,1990,-0.3235980440344057,-0.5750646010514039,-0.5433878959737537,-0.9144071850013316,-1.298567510691379,-0.4666138724501536,-0.4822817539090033,-0.5596793222088192,-0.4590301329459547,-0.5887057103483916,-0.1559056693935913
Italy,1991,-0.4041467452736727,-0.5691247289766136,-0.5428915502837576,-0.9044695665892831,-1.298567510691379,-0.4160627572240533,-0.48573599830532893,-0.5440876936159905,-0.46336590502248987,-0.5941490264025179,-0.16776570542921154
Italy,1992,-0.487539628811112,-0.5658540910337031,-0.5424041762190134,-0.9078717740618383,-1.298567510691379,-0.41519385669564973,-0.47522481370576586,-0.5448912184627839,-0.4648961775200906,-0.6060493142120511,-0.11116098798647862
Italy,1993,-0.21052356574424427,-0.569225251946593,-0.5419653247471813,-0.9360239084043389,-1.298567510691379,-0.4179825623464718,-0.4779244300982782,-0.5383575063247167,-0.45061363420915107,-0.6150652771063513,-0.2930662160133293
Italy,1994,-0.2755386559704157,-0.5607946991079888,-0.5418189988029309,-0.9475179992539996,-1.298567510691379,-0.4037025370651929,-0.4831793351230107,-0.549395827452383,-0.45762738315648743,-0.611007641951449,-0.31416783857021197
Italy,1995,-0.2916192251177751,-0.5492367870002941,-0.5418075757758495,-0.8578412204498994,-1.298567510691379,-0.4358020233351134,-0.4712386184215062,-0.5220164623023871,-0.46196315523302267,-0.6055206468254992,-0.19710774263422007
Italy,1996,-0.4534094412330432,-0.5440186341789173,-0.5416057015715884,-0.8646270963654573,-1.298567510691379,-0.4127212839807393,-0.4744811821027367,-0.513150634279014,-0.4715911196970935,-0.6128873482147446,-0.2990732472521499
Italy,1997,-0.36957899118819276,-0.536384065715461,-0.5412254562940079,-0.8345132640147579,-1.298567510691379,-0.41217292208106737,-0.4732042250616756,-0.5030511115413722,-0.46132554169235573,-0.6119520136077681,-0.28012799488356166
Italy,1998,-0.36739115865113703,-0.528693042878278,-0.5410185781973527,-0.7815688585840882,-1.298567510691379,-0.4102475364144102,-0.46946819789525573,-0.47969748703793685,-0.46929571095069245,-0.6108660615117457,-0.2566389624753528
Italy,1999,-0.3266610095862838,-0.5216623058382373,-0.5408976255256458,-0.7320989897093857,-1.298567510691379,-0.38668236665839767,-0.47649077434604276,-0.4513008648428423,-0.5189020444145807,-0.6122622856352031,-0.1997261921485778
Italy,2000,-0.17788839706649698,-0.5050187687281381,-0.5405717154432532,-0.7045097970294582,-1.298567510691379,-0.3889255496338096,-0.4830707456652671,-0.43571194172087824,-0.5091465572423765,-0.6091113677643586,-0.15467345785742295
Italy,2001,-0.21515447794767875,-0.4961177792895141,-0.5401674615910548,-0.7084936464030906,-1.298567510691379,-0.3748203814053452,-0.48829128693754914,-0.43491653328667873,-0.5213887372231818,-0.6046048924920989,-0.1136254110588153
Italy,2002,-0.31532074426921175,-0.4949368449504723,-0.539094531027471,-0.7176804072501209,-1.298567510691379,-0.40618039661148747,-0.4802034341607962,-0.43286578637129364,-0.5358625645963214,-0.6031107670007615,-0.12178881248593038
Italy,2003,-0.5457724381724108,-0.49429053031032083,-0.5358825122819803,-0.6618693842238402,-1.298567510691379,-0.41584844474442795,-0.4825772821800777,-0.3972644952637051,-0.5013676720462398,-0.5954142133105053,-0.07180723205010243
Italy,2004,-0.6741982080975798,-0.48764419825996497,-0.5311802939460459,-0.6576172831530362,-1.298567510691379,-0.3819673942023543,-0.49240119173063057,-0.3820110505289544,-0.5484235513474601,-0.5847339271622456,-0.03561101817515737
Italy,2005,-0.7026400310793035,-0.4837715867602602,-0.527589697887106,-0.6511773079134981,-1.298567510691379,-0.4108766693491167,-0.5053040935007495,-0.3522562819598185,-0.554098311859396,-0.5861678056579646,-0.035996084280210165
Italy,2006,-0.7737081246579958,-0.4752232947209876,-0.5253847503941945,-0.6739393134522843,-1.298567510691379,-0.40301436784669725,-0.5079734697911054,-0.36057831033940224,-0.5519304258211283,-0.5868877572556049,-0.03052814558846306
Italy,2007,-0.8986698263994932,-0.4679970605692962,-0.5216655694640376,-0.7096376388672487,-1.298567510691379,-0.4184872589350826,-0.5182221153219465,-0.35806492790616645,-0.5560111524813968,-0.5870564488433366,0.003357671656166291
Italy,2008,-0.9869853331453078,-0.4727413335445155,-0.5167574333744328,-0.7719645665497549,-1.298567510691379,-0.36456853002160244,-0.5327607317087099,-0.3482467741384456,-0.5516116190507949,-0.5908761083655459,-0.13426495428963497
Italy,2009,-0.9975963209500279,-0.4985343931040331,-0.5133629747340296,-0.9346199396359115,-1.298567510691379,-0.3106285558783011,-0.5612125441876373,-0.38371008623193836,-0.5748207519310716,-0.6145998690651988,-0.3488237880249465
Italy,2010,-0.9633567417451064,-0.49060826343883746,-0.51106254893069,-0.9066666296683173,-1.298567510691379,-0.275553073060563,-0.568023439923329,-0.3558085652050699,-0.565575355591401,-0.6058188694538105,-0.35382964739063033
Japan,1990,-0.44232442304529435,-0.08916108801000233,0.30018193079523914,-0.6636396734689536,-0.4844186363626295,-0.4184240127670433,0.08731118845924166,-0.478839852773851,-0.6199000292562244,-0.21467880597507685,1.6042314968018667
Japan,1991,-0.5902583664258764,-0.0593605110625325,0.30632307146066984,-0.6414586112591169,-0.42829731580086083,-0.4021053265614887,0.09061285779468709,-0.4568660184113741,-0.7034274030835941,-0.2148896704597414,1.7309952585851844
Japan,1992,-0.6727396530728759,-0.051712689817179025,0.3121483098284961,-0.6124375606619575,-0.39640784896171305,-0.43357264486387104,0.10922426612188525,-0.45296743489545077,-0.703873732562061,-0.22339654624106572,1.8325756970980613
Japan,1993,-0.808786373002122,-0.05642290190434462,0.3172532909577842,-0.6369488445456978,-0.2720218050934079,-0.4076538560990901,0.08918195114264761,-0.4454381094792019,-0.7036186871457942,-0.21516831281447668,1.798535853411411
Japan,1994,-0.8516678907284135,-0.047438258924660796,0.32166328703234254,-0.5342426208271186,-0.23124496836072952,-0.46479471293260255,0.1441268422108231,-0.42799052787324104,-0.702407221418527,-0.20365209960201108,1.8811710395557002
Japan,1995,-0.9292994819182728,-0.023398257537266817,0.325378298052171,-0.4966791078302612,-0.11580405938325797,-0.4325746085836969,0.14042930244714774,-0.41451187202568374,-0.683852667385119,-0.18872891878732256,1.8692339902990698
Japan,1996,-0.816261467503729,0.005989922563426687,0.32897958424486184,-0.4644090520018595,-0.07886578174085533,-0.434415209139639,0.13620393544583265,-0.39882014101086394,-0.6807921223899176,-0.17542788832966055,1.9014255166814675
Japan,1997,-0.7392497621993688,0.015479905264052194,0.3327704118161154,-0.4631799949470325,0.019967127865864395,-0.4123060719085186,0.11666195670227453,-0.3864182625674271,-0.6800907474951841,-0.16714995113168638,1.698572692539755
Japan,1998,-0.6876533782004722,0.003073369226944709,0.3371045913392486,-0.5318561909650652,0.037384962491016346,-0.4075024960746493,0.09489733045021707,-0.3774956196558968,-0.6853829398827197,-0.20049967555627607,1.3471613650687475
Japan,1999,-0.7885489220343569,-0.00014648702832207404,0.34002352856911383,-0.47487796138544847,-0.0005642026041925996,-0.41827177160403844,0.1079280653794519,-0.35186669415531263,-0.6827049630119185,-0.17358433026373618,1.3199756980520334
Japan,2000,-0.8393431007696666,0.026422095601956398,0.3427023800527996,-0.4525389144020377,0.005127900214484628,-0.4175411119259004,0.09522034972325193,-0.3388804340051169,-0.6845540422798526,-0.1331360035804033,1.3257516896278227
Japan,2001,-0.7557678978541393,0.030235205826675753,0.34656902417547825,-0.47606123509772996,0.000475754895957821,-0.4250018100516988,0.0654338490991467,-0.3415345009233132,-0.6821948721793849,-0.11948252819837343,1.2710723027103528
Japan,2002,-0.6829495382458024,0.03065124409202946,0.3503093073791151,-0.4765456142640559,-0.03496138301133142,-0.4259414953780781,0.08049067087286371,-0.33126453352120006,-0.6836613833229188,-0.09365915970141789,1.1202804159717528
Japan,2003,-0.754710445461229,0.04587675831067827,0.35375896046895583,-0.4053668104654436,-0.38055942179576,-0.3994413509696172,0.06694035600657722,-0.3171068044866222,-0.6848728490501861,-0.07345532972077261,1.0831600434446813
Japan,2004,-0.8359519603372302,0.06789173462417318,0.3543023124208355,-0.43874619883318794,-0.16652191456417303,-0.40057792181291146,0.05165535891658871,-0.32004765131646856,-0.6867219283181202,-0.06144509114423581,1.0324083307987482
Japan,2005,-0.8239553452590416,0.0864547947556473,0.35445394552368564,-0.3897803766170323,-0.14655866908382856,-0.4220609611421569,0.047682909133309345,-0.32427900774874063,-0.6847453263420528,-0.04558657572257088,1.1097296046933114
Japan,2006,-0.7964251191677574,0.10083178413110315,0.3554774689679241,-0.42198154248634445,-0.11074418320714306,-0.39974896623274325,-0.0028977853736508025,-0.2792248014401555,-0.6818760654090513,-0.04994393968067489,1.0874727838212705
Japan,2007,-0.7643004447486564,0.11659134830287851,0.3573349744778383,-0.40416043013661934,-0.21683935328650894,-0.4270493802658995,0.0007035358831630409,-0.2346711072415257,-0.6778591001028497,-0.02361299024563389,0.9848141602142463
Japan,2008,-0.9132553766465311,0.10339658138732179,0.35811841217589735,-0.407702728189007,-0.32894677180272286,-0.4279254278071001,-0.060645384091690166,-0.24721637564078766,-0.6811109291602511,-0.0517513495492282,0.8227013299870994
Japan,2009,-0.9852350671156633,0.04278886012862013,0.3579162347054305,-0.6483637280633012,-0.2473810952210433,-0.4386702272652666,-0.12524648959845983,-0.25346060239634016,-0.6851916558205196,-0.07437710875373484,0.5727934278079586
Japan,2010,-1.0105774606698914,0.08392985493134018,0.35820686481922664,-0.5381422653911625,-0.1863724432802991,-0.3981942461886816,-0.11723011342680399,-0.22325672566367663,-0.6869132123803202,-0.022152000601886667,0.4967813786705745
United Kingdom,1990,0.7561337768781935,-0.5272196060184088,-0.5367116926327324,-0.37562923981017515,-0.6990437336479534,-0.605764840947933,-0.5337242913274223,-0.5004376266861452,6.884811344393699,-0.3132820513540032,-0.8144457222545566
United Kingdom,1991,0.6966611957458966,-0.5320064612965839,-0.5344711619050188,-0.34344602187092227,-0.657093029648649,-0.6081626147891872,-0.5327978445613565,-0.47737619303608936,-0.26921258188940567,-0.3118270864098178,-0.9146399227892444
United Kingdom,1992,0.5523371760514563,-0.5302852098010136,-0.5325061990695513,-0.3839249450397191,-0.6020165428530369,-0.603095970141817,-0.5327126224552792,-0.47585571841017066,-0.2542286636837325,-0.3357722548183684,-0.9559960224718942
United Kingdom,1993,0.7489503933815272,-0.5195571695556359,-0.5307596889909234,-0.39396466245509776,-0.4904333229324804,-0.6060045106373452,-0.5316088587265687,-0.4351600256644949,-0.23369750767425693,-0.38106895847409555,-0.9507591234431788
United Kingdom,1994,0.5420543631272948,-0.5025731226512199,-0.5289005660612455,-0.4294167680630833,-0.5023452905906505,-0.600139946068117,-0.53557306120926,-0.40925784760658374,-0.2228580774829189,-0.39962202077479536,-0.8858369781313096
United Kingdom,1995,0.1759935158022603,-0.49096323982124407,-0.5269636300776216,-0.428508355615031,-0.49853486380425627,-0.6016164405885512,-0.5415399831847673,-0.38649942669336584,-0.13269952283261308,-0.42026866617323616,-0.8923060886961934
United Kingdom,1996,0.12829876649444658,-0.4792478053956342,-0.5250944993631554,-0.3329869462334434,-0.4498794815952356,-0.6063806588998946,-0.5347345856494674,-0.3199637817196652,-0.11363487796667149,-0.43324135050477763,-0.8820633303017941
United Kingdom,1997,-0.0938756276435585,-0.45527129350357226,-0.5231990855775287,-0.39616914114595253,-0.4216397123129727,-0.599545275441692,-0.5475426434628229,-0.3092284733288368,-0.2312108148656558,-0.4608058571751062,-0.8594984565457113
United Kingdom,1998,-0.19243748343791733,-0.43651412346752466,-0.5210485490963566,-0.385372064071133,-0.4127514046759794,-0.5928014324898621,-0.5513886346370844,-0.28611293026148843,-0.25709792461673375,-0.46178788320368686,-0.8495637510353542
United Kingdom,1999,-0.2787110131491465,-0.4192260057261205,-0.5185804170812648,-0.3966101551040222,-0.454482114058931,-0.5884640768606415,-0.5559933774654533,-0.24782781205619278,-0.3224533125350954,-0.48556887854917713,-0.8733608363276051
United Kingdom,2000,-0.2513631064359504,-0.40022461292983935,-0.5159262565211598,-0.3588496447670546,-0.5464831874423902,-0.5872412523423588,-0.5607836845570549,-0.23526901630260763,-0.34260190042017086,-0.476340544995322,-0.8886094540876883
United Kingdom,2001,-0.21154455426153704,-0.3849092522813937,-0.5130558418842066,-0.34970275626764136,-0.5098738702067077,-0.589369691495879,-0.5597678920346176,-0.23739281093133754,-0.32774550492263105,-0.46252289655023193,-0.9261919059408226
United Kingdom,2002,-0.37096461846166134,-0.37235423554392716,-0.5098865836737196,-0.4086510667209934,-0.5370843722642952,-0.5826106733798911,-0.563738967267799,-0.24112636072451887,-0.34789409280770645,-0.48032136523081076,-0.9151020021153076
United Kingdom,2003,-0.535599016875102,-0.3527948387008846,-0.5063851731514394,-0.38303184744216606,-0.5377629234339154,-0.5848063727771311,-0.5654805222419911,-0.23892681291157944,-0.3670224990277148,-0.4632323049236391,-0.9243435886365701
United Kingdom,2004,-0.7229868736739216,-0.33888590785617356,-0.5020847572658741,-0.36728855728284876,-0.6202113917113943,-0.5700794144353268,-0.5605747529421558,-0.23046139457617065,-0.36868029423344884,-0.47162922993795964,-0.9159491475464233
United Kingdom,2005,-0.7799434473886047,-0.3204934246520722,-0.4968621846653257,-0.36597701498059415,-0.6155971312287611,-0.5576192340015933,-0.5572662108562203,-0.24749233366897933,-0.33373907220490034,-0.4709725376857186,-0.9187216235028022
United Kingdom,2006,-0.8453596402465696,-0.3032352061774904,-0.49123141575190477,-0.40215042317895,-0.676674425990976,-0.5516772271430168,-0.5620139068947833,-0.27706042474845616,-0.3892752115969911,-0.451580535971032,-0.9224182581113071
United Kingdom,2007,-0.9744782238084727,-0.28770435777255104,-0.4852211344542337,-0.46875911437954326,-0.7876368597392156,-0.54318657594017,-0.563337598639177,-0.27113814902579403,-0.37728807703245254,-0.46665734662454766,-0.9051672966049503
United Kingdom,2008,-0.9530739288209445,-0.2895818434651791,-0.4790985435717183,-0.5167519868302782,-0.8804357652607522,-0.527242079911467,-0.573305835950022,-0.25515963809932407,-0.4221760702954054,-0.48408077775740166,-0.9754803673875561
United Kingdom,2009,-0.8703373950446222,-0.31721020275924816,-0.47316875417947685,-0.6925167107350996,-0.7574497723822797,-0.5117907277657577,-0.5847737074178074,-0.29514920294933294,-0.4097426062524,-0.5222336939076718,-1.0896139609251483
United Kingdom,2010,-0.8738014632282936,-0.30385439596497366,-0.4669758813537904,-0.6473801385070073,-0.8197339429810082,-0.5068239454889759,-0.5857991217909307,-0.25668281819610744,-0.4177765368648034,-0.5159665001884631,-1.0842230354544118
United States,1990,1.6562080826229035,1.4676523669347252,1.894161744047831,1.67964691131898,-0.04383056068168538,-0.24544417671103685,2.104882695084293,1.996130305126008,1.945346767555022,2.080849208729097,1.2024535227899786
United States,1991,1.5242817806384457,1.4650226186614326,1.9365937406620624,1.6111691097853131,0.021165751559906028,-0.24974844069196436,2.019268842229083,2.0583886006627377,1.9058147280336717,2.0592371052258702,1.1448476334741087
United States,1992,1.3891101937240216,1.5504834923702553,1.981237053359525,1.6560029316003722,0.021827798444582432,-0.28595696979874075,2.0907729383281124,2.1518707354480946,1.894720252426067,2.0939679920250125,1.164640031273813
United States,1993,1.2922256762080722,1.6195986078310103,2.0242629462932524,1.7004498519291271,-0.009028462647346322,-0.25631262928102017,2.1092001569421757,2.227028716067352,1.885538617440463,2.1806483569710493,1.3067294240382241
United States,1994,1.1597524160893504,1.723572007699213,2.064786893029953,1.7380674236614315,0.04069594710916887,-0.27973525039823205,2.176782661611552,2.2997382455541246,1.8948477751342003,2.199469518402251,1.4201698985867215
United States,1995,1.0556845150767347,1.7956359290609922,2.1046158547119234,1.7468406835449737,0.09410250034637906,-0.23305380203243015,2.1633148197511463,2.431359403118088,1.7957626309145573,2.231941142865702,1.4790079994387597
United States,1996,0.9812617449412239,1.8996378162173853,2.1439899170853436,1.8389213565143283,0.0803555562803691,-0.20264992007252883,2.282607899108056,2.4868946035562263,1.707771962302519,2.3550799772102398,1.4970290931552213
United States,1997,0.9269670341466252,2.024991545161312,2.185221484968678,1.8422573071073538,-0.02980248112555381,-0.1962811484361146,2.3146981456964437,2.50925261478148,1.7174636881206564,2.4201000410565547,1.5934496458603937
United States,1998,0.7987235835995445,2.1588131824487045,2.2256190707863364,1.8117576479967006,0.04403412628774003,-0.23462340352779523,2.3694712180023663,2.4481847264251844,1.5695373466859257,2.4618948880919604,1.6627615447698627
United States,1999,0.6484559521794362,2.3071128027410768,2.2658776595930488,1.8163961669269508,0.13517510136719746,-0.24206784954230184,2.456880233285591,2.458876747282179,1.5677520287720583,2.4699393681819126,1.7226008174950376
United States,2000,0.5591559207919465,2.4420100209443167,2.305332592954656,1.8866843449986175,0.16898656720752486,-0.28587287001801975,2.55956324925802,2.60195286848696,1.5898772186332013,2.5897134078211606,1.8156327884757468
United States,2001,0.47390337959800993,2.4759854471334135,2.340796543049247,1.750936196986459,0.17320303691327443,-0.3486873780652237,2.577217970716996,2.458944384053795,1.5738731187624606,2.4921449045919806,1.828493996384504
United States,2002,0.3493063166126887,2.5358498731143415,2.374360783086964,1.7479226642986874,0.17128722701894863,-0.2974484852377674,2.5697775310364106,2.567233560881239,1.614744146719212,2.4985642219751263,1.9479415021718223
United States,2003,0.27327913595000347,2.635906642429697,2.4057331666229818,1.7286334757537072,0.11877284291216515,-0.28520819782789786,2.653127499880181,2.4761917608157735,1.6056900344417413,2.557689117300177,1.9621889480587682
United States,2004,0.1733681167577938,2.7725554572833184,2.439817255481637,1.7759047769324847,0.14284021643142594,-0.28776056253499416,2.7343304214708426,2.493796259731883,1.6308120079440187,2.6055161947718783,2.1575714897624607
United States,2005,0.05686603415957827,2.9037287676312076,2.474077491461436,1.7397343242315937,0.10912777630076125,-0.2807369091369471,2.751088936265909,2.444215800666781,1.657655538006097,2.6424280228124086,2.181291561833701
United States,2006,-0.06886140896988864,3.0140701911299237,2.51025841341067,1.6409621363202846,0.09655732518307313,-0.24792213416161632,2.699427845381905,2.399900187904238,1.6945096006566465,2.594641612062749,2.2318122348166027
United States,2007,-0.11932741282463974,3.0886523887677293,2.546287702257054,1.6711778527290444,0.10820241105175452,-0.27080011374198215,2.6727849408319733,2.6018203004145937,1.7297696294555283,2.6332027016083344,2.128537505441494
United States,2008,-0.19192698917927106,3.083121148263363,2.582461674355741,1.4918750222046038,0.08583535397908766,-0.230346650650922,2.414597697720381,2.6264292633992143,1.8234988199335689,2.58141438417472,1.813322391845431
United States,2009,-0.27141823802562753,2.9805275240057707,2.616295694955612,1.2100975714901914,0.052179741102263436,-0.19271821570037814,2.2350223492646824,2.569874100445112,1.774083770531881,2.1771781300234267,0.9044893707002726
United States,2010,-0.2641254629021086,3.0815833301321836,2.6485887441477685,1.3127380219560991,0.04566579991286327,-0.17785947819111134,2.2590371140271994,2.7405622572942474,1.9189495669714107,2.338882572438221,1.0457316180335683
